akkar,
akkar,aadouiye,Aadouiye,Aadouiye,,,,,TRUE,
akkar,aamara,Aamara,Aamara,,,,,TRUE,
akkar,aaouinat,Aaouinat,Aaouinat,,,,,TRUE,
akkar,aarida,Aarida,Aarida,,,,,TRUE,
akkar,aarmen,Aarmen,Aarmen,,,,,TRUE,
akkar,aarqa,Aarqa,Aarqa,,,,,TRUE,
akkar,aayoun-el-ghezlane,Aayoun El Ghezlane,Aayoun El Ghezlane,,,,,TRUE,
akkar,abde,Abde,Abde,,,,,TRUE,
akkar,ain-yaaqoub,Ain Yaaqoub,Ain Yaaqoub,,,,,TRUE,
akkar,akroum,Akroum,Akroum,,,,,TRUE,
akkar,al-massoudieh,Al Massoudieh,Al Massoudieh,,,,,TRUE,
akkar,aydamoun,Aydamoun,Aydamoun,,,,,TRUE,
akkar,bahsa,Bahsa,Bahsa,,,,,TRUE,
akkar,balde,Balde,Balde,,,,,TRUE,
akkar,bebnine,Bebnine,Bebnine,,,,,TRUE,
akkar,beino,Beino,Beino,,,,,TRUE,
akkar,beit-ayoub,Beit Ayoub,Beit Ayoub,,,,,TRUE,
akkar,beit-younes,Beit Younes,Beit Younes,,,,,TRUE,
akkar,beit-el-haj,Beit El Haj,Beit El Haj,,,,,TRUE,
akkar,beit-el-haouch,Beit El Haouch,Beit El Haouch,,,,,TRUE,
akkar,berqayel,Berqayel,Berqayel,,,,,TRUE,
akkar,bezbina-north,Bezbina (north),Bezbina (north),,,,,TRUE,
akkar,bhannine,Bhannine,Bhannine,,,,,TRUE,
akkar,bire-akkar,Bire Akkar,Bire Akkar,,,,,TRUE,
akkar,borj-el-arab,Borj El Arab,Borj El Arab,,,,,TRUE,
akkar,bqerzala,Bqerzala,Bqerzala,,,,,TRUE,
akkar,bzal,Bzal,Bzal,,,,,TRUE,
akkar,cheikh-aayash,Cheikh Aayash,Cheikh Aayash,,,,,TRUE,
akkar,cheikh-hmairine,Cheikh Hmairine,Cheikh Hmairine,,,,,TRUE,
akkar,cheikh-taba-montagne,Cheikh Taba Montagne,Cheikh Taba Montagne,,,,,TRUE,
akkar,cheikh-taba-es-sahl,Cheikh Taba Es Sahl,Cheikh Taba Es Sahl,,,,,TRUE,
akkar,cheikh-zennad-talbibe,Cheikh Zennad Talbibe,Cheikh Zennad Talbibe,,,,,TRUE,
akkar,dayret-nahr-el-kabir,Dayret Nahr El Kabir,Dayret Nahr El Kabir,,,,,TRUE,
akkar,deir-janine,Deir Janine,Deir Janine,,,,,TRUE,
akkar,dinbou,Dinbou,Dinbou,,,,,TRUE,
akkar,el-houaich,El Houaich,El Houaich,,,,,TRUE,
akkar,el-majdel,El Majdel,El Majdel,,,,,TRUE,
akkar,el-mqaiteaa,El Mqaiteaa,El Mqaiteaa,,,,,TRUE,
akkar,el-qlaiaat,El Qlaiaat,El Qlaiaat,,,,,TRUE,
akkar,el-qorne,El Qorne,El Qorne,,,,,TRUE,
akkar,en-nabi-youchaa,En Nabi Youchaa,En Nabi Youchaa,,,,,TRUE,
akkar,er-rihaniye-el-minieh,Er Rihaniye El Minieh,Er Rihaniye El Minieh,,,,,TRUE,
akkar,es-sfine,Es Sfine,Es Sfine,,,,,TRUE,
akkar,fnaideq,Fnaideq,Fnaideq,,,,,TRUE,
akkar,habchit,Habchit,Habchit,,,,,TRUE,
akkar,halba,Halba,Halba,,,,,TRUE,
akkar,haret-ej-jdide,Haret Ej Jdide,Haret Ej Jdide,,,,,TRUE,
akkar,hikr-janine,Hikr Janine,Hikr Janine,,,,,TRUE,
akkar,hissa,Hissa,Hissa,,,,,TRUE,
akkar,hrar,Hrar,Hrar,,,,,TRUE,
akkar,janine,Janine,Janine,,,,,TRUE,
akkar,kawashra,Kawashra,Kawashra,,,,,TRUE,
akkar,kfar-noun,Kfar Noun,Kfar Noun,,,,,TRUE,
akkar,kfartoun,Kfartoun,Kfartoun,,,,,TRUE,
akkar,khirbet-daoud,Khirbet Daoud,Khirbet Daoud,,,,,TRUE,
akkar,khouchah,Khouchah,Khouchah,,,,,TRUE,
akkar,kouikhat,Kouikhat,Kouikhat,,,,,TRUE,
akkar,kousha,Kousha,Kousha,,,,,TRUE,
akkar,machta-hammoud,Machta Hammoud,Machta Hammoud,,,,,TRUE,
akkar,machta-hassan,Machta Hassan,Machta Hassan,,,,,TRUE,
akkar,mar-touma,Mar Touma,Mar Touma,,,,,TRUE,
akkar,markabta,Markabta,Markabta,,,,,TRUE,
akkar,mazraat-al-balde,Mazraat Al Balde,Mazraat Al Balde,,,,,TRUE,
akkar,mechmech,Mechmech,Mechmech,,,,,TRUE,
akkar,memnaa,Memnaa,Memnaa,,,,,TRUE,
akkar,mhamra,Mhamra,Mhamra,,,,,TRUE,
akkar,minyara,Minyara,Minyara,,,,,TRUE,
akkar,msalla,Msalla,Msalla,,,,,TRUE,
akkar,nabaa-el-ghzaile,Nabaa El Ghzaile,Nabaa El Ghzaile,,,,,TRUE,
akkar,nahr-el-bared,Nahr El Bared,Nahr El Bared,,,,,TRUE,
akkar,najmet-es-sobh,Najmet Es Sobh,Najmet Es Sobh,,,,,TRUE,
akkar,nfaisseh,Nfaisseh,Nfaisseh,,,,,TRUE,
akkar,qaabrine,Qaabrine,Qaabrine,,,,,TRUE,
akkar,qabaait,Qabaait,Qabaait,,,,,TRUE,
akkar,qarqaf,Qarqaf,Qarqaf,,,,,TRUE,
akkar,qloud-el-baqieh,Qloud El Baqieh,Qloud El Baqieh,,,,,TRUE,
akkar,rahbe,Rahbe,Rahbe,,,,,TRUE,
akkar,rihaniye,Rihaniye,Rihaniye,,,,,TRUE,
akkar,safinet-al-draib,Safinet Al Draib,Safinet Al Draib,,,,,TRUE,
akkar,saidnaya,Saidnaya,Saidnaya,,,,,TRUE,
akkar,sammouniye,Sammouniye,Sammouniye,,,,,TRUE,
akkar,semmaqiye,Semmaqiye,Semmaqiye,,,,,TRUE,
akkar,shaqdouf-aakkar,Shaqdouf Aakkar,Shaqdouf Aakkar,,,,,TRUE,
akkar,sharbine-el-faouqa,Sharbine El Faouqa,Sharbine El Faouqa,,,,,TRUE,
akkar,sindianet-zeidane,Sindianet Zeidane,Sindianet Zeidane,,,,,TRUE,
akkar,takrit,Takrit,Takrit,,,,,TRUE,
akkar,tashea,Tashea,Tashea,,,,,TRUE,
akkar,Wadi-ej-jamous,Wadi Ej Jamous,Wadi Ej Jamous,,,,,TRUE,
akkar,wadi-khaled,Wadi Khaled,Wadi Khaled,,,,,TRUE,
akkar,zouarib,Zouarib,Zouarib,,,,,TRUE,
akkar,zouk-haddara,Zouk Haddara,Zouk Haddara,,,,,TRUE,
aley,
aley,aamroussieh-choueifat,Aamroussieh Choueifat,Aamroussieh Choueifat,,,,,TRUE,
aley,aaramoun,Aaramoun,Aaramoun,,,,,TRUE,
aley,aazzouniye,Aazzouniye,Aazzouniye,,,,,TRUE,
aley,abbdiyeh-al-jadideh,Abbdiyeh Al Jadideh,Abbdiyeh Al Jadideh,,,,,TRUE,
aley,abey,Abey,Abey,,,,,TRUE,
aley,ain-anoub,Ain Anoub,Ain Anoub,,,,,TRUE,
aley,ain-dara,Ain Dara,Ain Dara,,,,,TRUE,
aley,ain-drafil,Ain Drafil,Ain Drafil,,,,,TRUE,
aley,ain-es-sindiane,Ain Es Sindiane,Ain Es Sindiane,,,,,TRUE,
aley,ain-hala,Ain Hala,Ain Hala,,,,,TRUE,
aley,ain-ksour,Ain Ksour,Ain Ksour,,,,,TRUE,
aley,ain-mouaffaq,Ain Mouaffaq,Ain Mouaffaq,,,,,TRUE,
aley,ain-trez,Ain Trez,Ain Trez,,,,,TRUE,
aley,ain-ej-jdide,Ain Ej Jdide,Ain Ej Jdide,,,,,TRUE,
aley,ain-el-fraidis,Ain El Fraidis,Ain El Fraidis,,,,,TRUE,
aley,ain-el-halzoun,Ain El Halzoun,Ain El Halzoun,,,,,TRUE,
aley,ain-el-marj,Ain El Marj,Ain El Marj,,,,,TRUE,
aley,ain-er-remmane,Ain Er Remmane,Ain Er Remmane,,,,,TRUE,
aley,ain-et-toufaha,Ain Et Toufaha,Ain Et Toufaha,,,,,TRUE,
aley,ainab,Ainab,Ainab,,,,,TRUE,
aley,aitat,Aitat,Aitat,,,,,TRUE,
aley,ayn-et-tine,Ayn Et Tine,Ayn Et Tine,,,,,TRUE,
aley,baalchmay,Baalchmay,Baalchmay,,,,,TRUE,
aley,baalchmay-ej-jdide,Baalchmay Ej Jdide,Baalchmay Ej Jdide,,,,,TRUE,
aley,baaouerta,Baaouerta,Baaouerta,,,,,TRUE,
aley,baissour,Baissour,Baissour,,,,,TRUE,
aley,bchamoun,Bchamoun,Bchamoun,,,,,TRUE,
aley,bdedoun,Bdedoun,Bdedoun,,,,,TRUE,
aley,bedghane,Bedghane,Bedghane,,,,,TRUE,
aley,bhamdoun-ed-dayaa,Bhamdoun Ed Dayaa,Bhamdoun Ed Dayaa,,,,,TRUE,
aley,bhamdoun-el-mhatta,Bhamdoun El Mhatta,Bhamdoun El Mhatta,,,,,TRUE,
aley,bhouara,Bhouara,Bhouara,,,,,TRUE,
aley,bkhechtay,Bkhechtay,Bkhechtay,,,,,TRUE,
aley,blaibel,Blaibel,Blaibel,,,,,TRUE,
aley,bmahray,Bmahray,Bmahray,,,,,TRUE,
aley,bmekkine,Bmekkine,Bmekkine,,,,,TRUE,
aley,bsatine,Bsatine,Bsatine,,,,,TRUE,
aley,bserrine,Bserrine,Bserrine,,,,,TRUE,
aley,btalloun,Btalloun,Btalloun,,,,,TRUE,
aley,btater,Btater,Btater,,,,,TRUE,
aley,chanay,Chanay,Chanay,,,,,TRUE,
aley,chaouiye,Chaouiye,Chaouiye,,,,,TRUE,
aley,charoun,Charoun,Charoun,,,,,TRUE,
aley,chartoun,Chartoun,Chartoun,,,,,TRUE,
aley,chemlane,Chemlane,Chemlane,,,,,TRUE,
aley,chmaissa,Chmaissa,Chmaissa,,,,,TRUE,
aley,choueifat,Choueifat,Choueifat,,,,,TRUE,
aley,dahr-el-ballane,Dahr El Ballane,Dahr El Ballane,,,,,TRUE,
aley,dahr-el-baidar,Dahr El Baidar,Dahr El Baidar,,,,,TRUE,
aley,daqqoun,Daqqoun,Daqqoun,,,,,TRUE,
aley,deir-qoubil,Deir Qoubil,Deir Qoubil,,,,,TRUE,
aley,dfoun,Dfoun,Dfoun,,,,,TRUE,
aley,dhour-al-aabaydiyeh,Dhour Al Aabaydiyeh,Dhour Al Aabaydiyeh,,,,,TRUE,
aley,el-baqle,El Baqle,El Baqle,,,,,TRUE,
aley,el-mdaoura,El Mdaoura,El Mdaoura,,,,,TRUE,
aley,el-ouata,El Ouata,El Ouata,,,,,TRUE,
aley,el-qsair,El Qsair,El Qsair,,,,,TRUE,
aley,en-njassa,En Njassa,En Njassa,,,,,TRUE,
aley,es-shwayfate,Es Shwayfate,Es Shwayfate,,,,,TRUE,
aley,ghaboun,Ghaboun,Ghaboun,,,,,TRUE,
aley,habramoun,Habramoun,Habramoun,,,,,TRUE,
aley,haret-hamze,Haret Hamze,Haret Hamze,,,,,TRUE,
aley,ighmid,Ighmid,Ighmid,,,,,TRUE,
aley,jabal-el-aarid,Jabal El Aarid,Jabal El Aarid,,,,,TRUE,
aley,jisr-el-qadi,Jisr El Qadi,Jisr El Qadi,,,,,TRUE,
aley,kahale,Kahale,Kahale,,,,,TRUE,
aley,kaifoun,Kaifoun,Kaifoun,,,,,TRUE,
aley,kfar-aamaiy,Kfar Aamaiy,Kfar Aamaiy,,,,,TRUE,
aley,kfar-matta,Kfar Matta,Kfar Matta,,,,,TRUE,
aley,khalde,Khalde,Khalde,,,,,TRUE,
aley,khallet-el-ghazale,Khallet El Ghazale,Khallet El Ghazale,,,,,TRUE,
aley,maasraiti,Maasraiti,Maasraiti,,,,,TRUE,
aley,majdal-baana,Majdal Baana,Majdal Baana,,,,,TRUE,
aley,majdalaya,Majdalaya,Majdalaya,,,,,TRUE,
aley,mansouriye-bhamdoun,Mansouriye Bhamdoun,Mansouriye Bhamdoun,,,,,TRUE,
aley,mantra,Mantra,Mantra,,,,,TRUE,
aley,mazraat-en-nahr,Mazraat En Nahr,Mazraat En Nahr,,,,,TRUE,
aley,mazzraat-maaissra,Mazzraat Maaissra,Mazzraat Maaissra,,,,,TRUE,
aley,mdeyrej,Mdeyrej,Mdeyrej,,,,,TRUE,
aley,mechrefe,Mechrefe,Mechrefe,,,,,TRUE,
aley,mejdel-baana,Mejdel Baana,Mejdel Baana,,,,,TRUE,
aley,mraije,Mraije,Mraije,,,,,TRUE,
aley,nabaa-es-safa,Nabaa Es Safa,Nabaa Es Safa,,,,,TRUE,
aley,oumara-choueifat,Oumara Choueifat,Oumara Choueifat,,,,,TRUE,
aley,qabr-chamoun,Qabr Chamoun,Qabr Chamoun,,,,,TRUE,
aley,qmatiye,Qmatiye,Qmatiye,,,,,TRUE,
aley,qoubbe-choueifat,Qoubbe Choueifat,Qoubbe Choueifat,,,,,TRUE,
aley,qoubbeiaa,Qoubbeiaa,Qoubbeiaa,,,,,TRUE,
aley,qraiye,Qraiye,Qraiye,,,,,TRUE,
aley,ram-bchamoun,Ram Bchamoun,Ram Bchamoun,,,,,TRUE,
aley,ramliye,Ramliye,Ramliye,,,,,TRUE,
aley,rechmaiya,Rechmaiya,Rechmaiya,,,,,TRUE,
aley,rejme,Rejme,Rejme,,,,,TRUE,
aley,remhala,Remhala,Remhala,,,,,TRUE,
aley,rouissat-sofar,Rouissat Sofar,Rouissat Sofar,,,,,TRUE,
aley,rouisset-en-naamane,Rouisset En Naamane,Rouisset En Naamane,,,,,TRUE,
aley,sarahmoul,Sarahmoul,Sarahmoul,,,,,TRUE,
aley,silfaya,Silfaya,Silfaya,,,,,TRUE,
aley,sofar,Sofar,Sofar,,,,,TRUE,
aley,souq-el-gharb,Souq El Gharb,Souq El Gharb,,,,,TRUE,
aley,taazniye,Taazniye,Taazniye,,,,,TRUE,
aley,yinnar,Yinnar,Yinnar,,,,,TRUE,
baabda,aabadiye,Aabadiye,Aabadiye,,,,,TRUE,
baabda,aarbaniye,Aarbaniye,Aarbaniye,,,,,TRUE,
baabda,ain-al-saydeh,Ain Al Saydeh,Ain Al Saydeh,,,,,TRUE,
baabda,ain-el-saydeh,Ain El Saydeh,Ain El Saydeh,,,,,TRUE,
baabda,ain-er-roummane,Ain Er Roummane,Ain Er Roummane,,,,,TRUE,
baabda,arayia,Arayia,Arayia,,,,,TRUE,
baabda,arsoun,Arsoun,Arsoun,,,,,TRUE,
baabda,bmariam,Bmariam,Bmariam,,,,,TRUE,
baabda,borj-el-brajne,Borj El Brajne,Borj El Brajne,,,,,TRUE,
baabda,boutchai,Boutchai,Boutchai,,,,,TRUE,
baabda,bsaba,Bsaba,Bsaba,,,,,TRUE,
baabda,bsous,Bsous,Bsous,,,,,TRUE,
baabda,btebyat,Btebyat,Btebyat,,,,,TRUE,
baabda,btekhnay,Btekhnay,Btekhnay,,,,,TRUE,
baabda,bzebdine,Bzebdine,Bzebdine,,,,,TRUE,
baabda,chbaniye,Chbaniye,Chbaniye,,,,,TRUE,
baabda,chouit,Chouit,Chouit,,,,,TRUE,
baabda,dahr-el-ouahch,Dahr El Ouahch,Dahr El Ouahch,,,,,TRUE,
baabda,deir-khouna,Deir Khouna,Deir Khouna,,,,,TRUE,
baabda,deir-el-harf,Deir El Harf,Deir El Harf,,,,,TRUE,
baabda,el-ghouabi,El Ghouabi,El Ghouabi,,,,,TRUE,
baabda,faiyadiye,Faiyadiye,Faiyadiye,,,,,TRUE,
baabda,furn-ech-chebak,Furn Ech Chebak,Furn Ech Chebak,,,,,TRUE,
baabda,hammana,Hammana,Hammana,,,,,TRUE,
baabda,haret-es-set,Haret Es Set,Haret Es Set,,,,,TRUE,
baabda,hazmiye,Hazmiye,Hazmiye,,,,,TRUE,
baabda,hlaliye,Hlaliye,Hlaliye,,,,,TRUE,
baabda,jamhour,Jamhour,Jamhour,,,,,TRUE,
baabda,jisr-el-bacha,Jisr El Bacha,Jisr El Bacha,,,,,TRUE,
baabda,jouar-el-haouz,Jouar El Haouz,Jouar El Haouz,,,,,TRUE,
baabda,jouret-arsoun,Jouret Arsoun,Jouret Arsoun,,,,,TRUE,
baabda,kfar-selouane,Kfar Selouane,Kfar Selouane,,,,,TRUE,
baabda,kfarchima,Kfarchima,Kfarchima,,,,,TRUE,
baabda,khraibe-baabda,Khraibe Baabda,Khraibe Baabda,,,,,TRUE,
baabda,knisse,Knisse,Knisse,,,,,TRUE,
baabda,lailake,Lailake,Lailake,,,,,TRUE,
baabda,merdache,Merdache,Merdache,,,,,TRUE,
baabda,ouadi-chahrour-el-olia,Ouadi Chahrour El Olia,Ouadi Chahrour El Olia,,,,,TRUE,
baabda,ouadi-chahrour-el-soufla,Ouadi Chahrour El Soufla,Ouadi Chahrour El Soufla,,,,,TRUE,
baabda,qornayel,Qornayel,Qornayel,,,,,TRUE,
baabda,qsaibe,Qsaibe,Qsaibe,,,,,TRUE,
baabda,qtale,Qtale,Qtale,,,,,TRUE,
baabda,ras-el-harf,Ras El Harf,Ras El Harf,,,,,TRUE,
baabda,rouaisset-salima,Rouaisset Salima,Rouaisset Salima,,,,,TRUE,
baabda,rouisset-el-ballout,Rouisset El Ballout,Rouisset El Ballout,,,,,TRUE,
baabda,salima-baabda,Salima Baabda,Salima Baabda,,,,,TRUE,
baabda,sfaile,Sfaile,Sfaile,,,,,TRUE,
baabda,tayouneh,Tayouneh,Tayouneh,,,,,TRUE,
baabda,yarzeh,Yarzeh,Yarzeh,,,,,TRUE,
baabda,zandouqa,Zandouqa,Zandouqa,,,,,TRUE,
baabda,zighrine,Zighrine,Zighrine,,,,,TRUE,
baalbeck,aadous,Aadous,Aadous,,,,,TRUE,
baalbeck,aallaq,Aallaq,Aallaq,,,,,TRUE,
baalbeck,aamchki,Aamchki,Aamchki,,,,,TRUE,
baalbeck,aarsal,Aarsal,Aarsal,,,,,TRUE,
baalbeck,aayoun-orghoush,Aayoun Orghoush,Aayoun Orghoush,,,,,TRUE,
baalbeck,ain,Ain,Ain,,,,,TRUE,
baalbeck,ain-bourday,Ain Bourday,Ain Bourday,,,,,TRUE,
baalbeck,ain-ej-jaouze,Ain Ej Jaouze,Ain Ej Jaouze,,,,,TRUE,
baalbeck,ain-el-bnaiye,Ain El Bnaiye,Ain El Bnaiye,,,,,TRUE,
baalbeck,ain-el-jaouze,Ain El Jaouze,Ain El Jaouze,,,,,TRUE,
baalbeck,ain-es-saouda,Ain Es Saouda,Ain Es Saouda,,,,,TRUE,
baalbeck,ainata,Ainata,Ainata,,,,,TRUE,
baalbeck,baalbek,Baalbek,Baalbek,,,,,TRUE,
baalbeck,baayoun,Baayoun,Baayoun,,,,,TRUE,
baalbeck,barqa,Barqa,Barqa,,,,,TRUE,
baalbeck,bechouat,Bechouat,Bechouat,,,,,TRUE,
baalbeck,beit-chama,Beit Chama,Beit Chama,,,,,TRUE,
baalbeck,beit-habchi,Beit Habchi,Beit Habchi,,,,,TRUE,
baalbeck,beit-mchik,Beit Mchik,Beit Mchik,,,,,TRUE,
baalbeck,beit-es-satiti,Beit Es Satiti,Beit Es Satiti,,,,,TRUE,
baalbeck,bejjaje,Bejjaje,Bejjaje,,,,,TRUE,
baalbeck,betdaai,Betdaai,Betdaai,,,,,TRUE,
baalbeck,bou-sawaya,Bou Sawaya,Bou Sawaya,,,,,TRUE,
baalbeck,boudai,Boudai,Boudai,,,,,TRUE,
baalbeck,britel,Britel,Britel,,,,,TRUE,
baalbeck,bsayleh-al-tahta,Bsayleh Al Tahta,Bsayleh Al Tahta,,,,,TRUE,
baalbeck,chaat,Chaat,Chaat,,,,,TRUE,
baalbeck,chlifa,Chlifa,Chlifa,,,,,TRUE,
baalbeck,chmistar,Chmistar,Chmistar,,,,,TRUE,
baalbeck,dar-el-ouassaa,Dar El Ouassaa,Dar El Ouassaa,,,,,TRUE,
baalbeck,deir-el-ahmar,Deir El Ahmar,Deir El Ahmar,,,,,TRUE,
baalbeck,deir-mar-maroun-baalbek,Deir Mar Maroun Baalbek,Deir Mar Maroun Baalbek,,,,,TRUE,
baalbeck,douris,Douris,Douris,,,,,TRUE,
baalbeck,el-aaiara,El Aaiara,El Aaiara,,,,,TRUE,
baalbeck,el-baaoul,El Baaoul,El Baaoul,,,,,TRUE,
baalbeck,el-faqrat,El Faqrat,El Faqrat,,,,,TRUE,
baalbeck,el-laouze,El Laouze,El Laouze,,,,,TRUE,
baalbeck,el-maalqa,El Maalqa,El Maalqa,,,,,TRUE,
baalbeck,el-manazil,El Manazil,El Manazil,,,,,TRUE,
baalbeck,el-qaa,El Qaa,El Qaa,,,,,TRUE,
baalbeck,el-qerrami,El Qerrami,El Qerrami,,,,,TRUE,
baalbeck,en-nouqra,En Nouqra,En Nouqra,,,,,TRUE,
baalbeck,fakehe,Fakehe,Fakehe,,,,,TRUE,
baalbeck,falougha,Falougha,Falougha,,,,,TRUE,
baalbeck,flaoui,Flaoui,Flaoui,,,,,TRUE,
baalbeck,freij,Freij,Freij,,,,,TRUE,
baalbeck,hadet,Hadet,Hadet,,,,,TRUE,
baalbeck,hadet-hermel,Hadet Hermel,Hadet Hermel,,,,,TRUE,
baalbeck,halbata,Halbata,Halbata,,,,,TRUE,
baalbeck,ham,Ham,Ham,,,,,TRUE,
baalbeck,haouch-barada,Haouch Barada,Haouch Barada,,,,,TRUE,
baalbeck,haouch-ed-dahab,Haouch Ed Dahab,Haouch Ed Dahab,,,,,TRUE,
baalbeck,haouch-en-nabi,Haouch En Nabi,Haouch En Nabi,,,,,TRUE,
baalbeck,haouch-snaid,Haouch Snaid,Haouch Snaid,,,,,TRUE,
baalbeck,haouch-tall-safiye,Haouch Tall Safiye,Haouch Tall Safiye,,,,,TRUE,
baalbeck,haour-taala,Haour Taala,Haour Taala,,,,,TRUE,
baalbeck,harabta,Harabta,Harabta,,,,,TRUE,
baalbeck,haret-el-maasser,Haret El Maasser,Haret El Maasser,,,,,TRUE,
baalbeck,harfouch,Harfouch,Harfouch,,,,,TRUE,
baalbeck,hermel-jbab,Hermel Jbab,Hermel Jbab,,,,,TRUE,
baalbeck,hfayer,Hfayer,Hfayer,,,,,TRUE,
baalbeck,hizzine,Hizzine,Hizzine,,,,,TRUE,
baalbeck,hlabta,Hlabta,Hlabta,,,,,TRUE,
baalbeck,hosn-ech-chadoura,Hosn Ech Chadoura,Hosn Ech Chadoura,,,,,TRUE,
baalbeck,houch-er-rafqa,Houch Er Rafqa,Houch Er Rafqa,,,,,TRUE,
baalbeck,iaat,Iaat,Iaat,,,,,TRUE,
baalbeck,jabaa,Jabaa,Jabaa,,,,,TRUE,
baalbeck,jabal-ech-chaaibe,Jabal Ech Chaaibe,Jabal Ech Chaaibe,,,,,TRUE,
baalbeck,jabboule,Jabboule,Jabboule,,,,,TRUE,
baalbeck,janta,Janta,Janta,,,,,TRUE,
baalbeck,jdaide-fekehe,Jdaide Fekehe,Jdaide Fekehe,,,,,TRUE,
baalbeck,joubaniyeh,Joubaniyeh,Joubaniyeh,,,,,TRUE,
baalbeck,kfar-dabach,Kfar Dabach,Kfar Dabach,,,,,TRUE,
baalbeck,khermateh,Khermateh,Khermateh,,,,,TRUE,
baalbeck,khirbet-daoud-baalbek,Khirbet Daoud Baalbek,Khirbet Daoud Baalbek,,,,,TRUE,
baalbeck,khodor,Khodor,Khodor,,,,,TRUE,
baalbeck,khraibe,Khraibe,Khraibe,,,,,TRUE,
baalbeck,kouakh,Kouakh,Kouakh,,,,,TRUE,
baalbeck,ksarnaba,Ksarnaba,Ksarnaba,,,,,TRUE,
baalbeck,laboue,Laboue,Laboue,,,,,TRUE,
baalbeck,maarboun,Maarboun,Maarboun,,,,,TRUE,
baalbeck,majdaloun,Majdaloun,Majdaloun,,,,,TRUE,
baalbeck,maqne,Maqne,Maqne,,,,,TRUE,
baalbeck,mazraat-es-saiyed,Mazraat Es Saiyed,Mazraat Es Saiyed,,,,,TRUE,
baalbeck,moqraq,Moqraq,Moqraq,,,,,TRUE,
baalbeck,mrah-aabbas,Mrah Aabbas,Mrah Aabbas,,,,,TRUE,
baalbeck,mrah-beit-aalaoui,Mrah Beit Aalaoui,Mrah Beit Aalaoui,,,,,TRUE,
baalbeck,mrah-bou-kamar-al-dine,Mrah Bou Kamar Al Dine,Mrah Bou Kamar Al Dine,,,,,TRUE,
baalbeck,mrah-el-harfouch,Mrah El Harfouch,Mrah El Harfouch,,,,,TRUE,
baalbeck,mrah-el-aabed,Mrah El Aabed,Mrah El Aabed,,,,,TRUE,
baalbeck,mrah-el-dalil,Mrah El Dalil,Mrah El Dalil,,,,,TRUE,
baalbeck,mrah-el-mouchref,Mrah El Mouchref,Mrah El Mouchref,,,,,TRUE,
baalbeck,mrah-el-mougher,Mrah El Mougher,Mrah El Mougher,,,,,TRUE,
baalbeck,mrah-ez-zakbe,Mrah Ez Zakbe,Mrah Ez Zakbe,,,,,TRUE,
baalbeck,mrah-kloude,Mrah Kloude,Mrah Kloude,,,,,TRUE,
baalbeck,mrah-naaouas,Mrah Naaouas,Mrah Naaouas,,,,,TRUE,
baalbeck,mrah-sejoud,Mrah Sejoud,Mrah Sejoud,,,,,TRUE,
baalbeck,mrah-semaan,Mrah Semaan,Mrah Semaan,,,,,TRUE,
baalbeck,mrah-yassine,Mrah Yassine,Mrah Yassine,,,,,TRUE,
baalbeck,mrah-es-sirghane,Mrah Es Sirghane,Mrah Es Sirghane,,,,,TRUE,
baalbeck,mrah-es-siyaid,Mrah Es Siyaid,Mrah Es Siyaid,,,,,TRUE,
baalbeck,nabha,Nabha,Nabha,,,,,TRUE,
baalbeck,nabi-chit,Nabi Chit,Nabi Chit,,,,,TRUE,
baalbeck,nabi-osmane,Nabi Osmane,Nabi Osmane,,,,,TRUE,
baalbeck,nabi-rachade,Nabi Rachade,Nabi Rachade,,,,,TRUE,
baalbeck,nabi-sbat,Nabi Sbat,Nabi Sbat,,,,,TRUE,
baalbeck,nahle,Nahle,Nahle,,,,,TRUE,
baalbeck,ouadi-en-nayra,Ouadi En Nayra,Ouadi En Nayra,,,,,TRUE,
baalbeck,ouadi-et-tourkmane,Ouadi Et Tourkmane,Ouadi Et Tourkmane,,,,,TRUE,
baalbeck,qalb-es-sabaa,Qalb Es Sabaa,Qalb Es Sabaa,,,,,TRUE,
baalbeck,qanafez,Qanafez,Qanafez,,,,,TRUE,
baalbeck,qarha,Qarha,Qarha,,,,,TRUE,
baalbeck,qiddam-el,Qiddam, El,Qiddam, El,,,,,TRUE,
baalbeck,qlaile,Qlaile,Qlaile,,,,,TRUE,
baalbeck,qsarnaba,Qsarnaba,Qsarnaba,,,,,TRUE,
baalbeck,ras-baalbek,Ras Baalbek,Ras Baalbek,,,,,TRUE,
baalbeck,ras-baalbek-ouadi-faara,Ras Baalbek Ouadi Faara,Ras Baalbek Ouadi Faara,,,,,TRUE,
baalbeck,ras-baalbek-ech-charqi,Ras Baalbek Ech Charqi,Ras Baalbek Ech Charqi,,,,,TRUE,
baalbeck,ras-baalbek-el-gharbi,Ras Baalbek El Gharbi,Ras Baalbek El Gharbi,,,,,TRUE,
baalbeck,ras-baalbek-es-sahel,Ras Baalbek Es Sahel,Ras Baalbek Es Sahel,,,,,TRUE,
baalbeck,ras-al-assy,Ras Al Assy,Ras Al Assy,,,,,TRUE,
baalbeck,rasm-el-hadet,Rasm El Hadet,Rasm El Hadet,,,,,TRUE,
baalbeck,riha,Riha,Riha,,,,,TRUE,
baalbeck,saaide,Saaide,Saaide,,,,,TRUE,
baalbeck,safra-baalbeck,Safra (baalbeck),Safra (baalbeck),,,,,TRUE,
baalbeck,salhat-el-ma,Salhat El Ma,Salhat El Ma,,,,,TRUE,
baalbeck,saraain-el-faouqa,Saraain El Faouqa,Saraain El Faouqa,,,,,TRUE,
baalbeck,saraain-et-tahta,Saraain Et Tahta,Saraain Et Tahta,,,,,TRUE,
baalbeck,sbouba,Sbouba,Sbouba,,,,,TRUE,
baalbeck,sifri,Sifri,Sifri,,,,,TRUE,
baalbeck,siret-hanna,Siret Hanna,Siret Hanna,,,,,TRUE,
baalbeck,slouqi,Slouqi,Slouqi,,,,,TRUE,
baalbeck,taibe-baalbek,Taibe Baalbek,Taibe Baalbek,,,,,TRUE,
baalbeck,talia,Talia,Talia,,,,,TRUE,
baalbeck,tammine-et-tahta,Tammine Et Tahta,Tammine Et Tahta,,,,,TRUE,
baalbeck,tamnine-el-faouqa,Tamnine El Faouqa,Tamnine El Faouqa,,,,,TRUE,
baalbeck,taraiya,Taraiya,Taraiya,,,,,TRUE,
baalbeck,tfail,Tfail,Tfail,,,,,TRUE,
baalbeck,wadi-bnit,Wadi Bnit,Wadi Bnit,,,,,TRUE,
baalbeck,wadi-faara,Wadi Faara,Wadi Faara,,,,,TRUE,
baalbeck,wadi-el-assouad,Wadi El Assouad,Wadi El Assouad,,,,,TRUE,
baalbeck,wadi-el-oss,Wadi El Oss,Wadi El Oss,,,,,TRUE,
baalbeck,yahfoufa,Yahfoufa,Yahfoufa,,,,,TRUE,
baalbeck,yammoune,Yammoune,Yammoune,,,,,TRUE,
baalbeck,younine,Younine,Younine,,,,,TRUE,
baalbeck,zabboud,Zabboud,Zabboud,,,,,TRUE,
baalbeck,zarayeb,Zarayeb,Zarayeb,,,,,TRUE,
baalbeck,zouaitini,Zouaitini,Zouaitini,,,,,TRUE,
baalbeck,zrazir,Zrazir,Zrazir,,,,,TRUE,
batroun,aabdelle,Aabdelle,Aabdelle,,,,,TRUE,
batroun,aabrine,Aabrine,Aabrine,,,,,TRUE,
batroun,aalali,Aalali,Aalali,,,,,TRUE,
batroun,aaoura,Aaoura,Aaoura,,,,,TRUE,
batroun,ain-el-batie,Ain El Batie,Ain El Batie,,,,,TRUE,
batroun,ain-er-raha,Ain Er Raha,Ain Er Raha,,,,,TRUE,
batroun,basbina,Basbina,Basbina,,,,,TRUE,
batroun,bcheale,Bcheale,Bcheale,,,,,TRUE,
batroun,bechtoudar-aoura,Bechtoudar Aoura,Bechtoudar Aoura,,,,,TRUE,
batroun,beit-chlala,Beit Chlala,Beit Chlala,,,,,TRUE,
batroun,beit-kassab,Beit Kassab,Beit Kassab,,,,,TRUE,
batroun,bijdarfel,Bijdarfel,Bijdarfel,,,,,TRUE,
batroun,borj,Borj,Borj,,,,,TRUE,
batroun,boustane-el-aassi,Boustane El Aassi,Boustane El Aassi,,,,,TRUE,
batroun,bqaiaa-et-dahr-abi-yaghi,Bqaiaa Et Dahr Abi Yaghi,Bqaiaa Et Dahr Abi Yaghi,,,,,TRUE,
batroun,bqosmaiya,Bqosmaiya,Bqosmaiya,,,,,TRUE,
batroun,chabtine,Chabtine,Chabtine,,,,,TRUE,
batroun,chekka,Chekka,Chekka,,,,,TRUE,
batroun,dahr-abi-yaghi,Dahr Abi Yaghi,Dahr Abi Yaghi,,,,,TRUE,
batroun,dahr-el-qotlob,Dahr El Qotlob,Dahr El Qotlob,,,,,TRUE,
batroun,dawrat,Dawrat,Dawrat,,,,,TRUE,
batroun,deir-billa,Deir Billa,Deir Billa,,,,,TRUE,
batroun,deir-mar-youhanna-douma,Deir Mar Youhanna Douma,Deir Mar Youhanna Douma,,,,,TRUE,
batroun,derya,Derya,Derya,,,,,TRUE,
batroun,douma,Douma,Douma,,,,,TRUE,
batroun,el-heri,El Heri,El Heri,,,,,TRUE,
batroun,fadaous,Fadaous,Fadaous,,,,,TRUE,
batroun,fehta,Fehta,Fehta,,,,,TRUE,
batroun,ftahat,Ftahat,Ftahat,,,,,TRUE,
batroun,hamat,Hamat,Hamat,,,,,TRUE,
batroun,hannouch,Hannouch,Hannouch,,,,,TRUE,
batroun,hardine,Hardine,Hardine,,,,,TRUE,
batroun,hazrita,Hazrita,Hazrita,,,,,TRUE,
batroun,hourata,Hourata,Hourata,,,,,TRUE,
batroun,hourata-el-batroun,Hourata El Batroun,Hourata El Batroun,,,,,TRUE,
batroun,ijdabra,Ijdabra,Ijdabra,,,,,TRUE,
batroun,jawz,Jawz,Jawz,,,,,TRUE,
batroun,jibla,Jibla,Jibla,,,,,TRUE,
batroun,joundi,Joundi,Joundi,,,,,TRUE,
batroun,jrebta,Jrebta,Jrebta,,,,,TRUE,
batroun,kandoula,Kandoula,Kandoula,,,,,TRUE,
batroun,kfar-aabida,Kfar Aabida,Kfar Aabida,,,,,TRUE,
batroun,kfar-chlaimane,Kfar Chlaimane,Kfar Chlaimane,,,,,TRUE,
batroun,kfar-hai,Kfar Hai,Kfar Hai,,,,,TRUE,
batroun,kfar-hatna,Kfar Hatna,Kfar Hatna,,,,,TRUE,
batroun,kfar-hay,Kfar Hay,Kfar Hay,,,,,TRUE,
batroun,kfar-helda,Kfar Helda,Kfar Helda,,,,,TRUE,
batroun,kfarhollos,Kfarhollos,Kfarhollos,,,,,TRUE,
batroun,kfifane,Kfifane,Kfifane,,,,,TRUE,
batroun,kfour-el-aarbi,Kfour El Aarbi,Kfour El Aarbi,,,,,TRUE,
batroun,koubba,Koubba,Koubba,,,,,TRUE,
batroun,kour,Kour,Kour,,,,,TRUE,
batroun,madfoun,Madfoun,Madfoun,,,,,TRUE,
batroun,mar-mama,Mar Mama,Mar Mama,,,,,TRUE,
batroun,mar-youhanna-maroun,Mar Youhanna Maroun,Mar Youhanna Maroun,,,,,TRUE,
batroun,meghrak,Meghrak,Meghrak,,,,,TRUE,
batroun,mrah-chdid,Mrah Chdid,Mrah Chdid,,,,,TRUE,
batroun,mrah-el-haj,Mrah El Haj,Mrah El Haj,,,,,TRUE,
batroun,mrah-ez-zaiat,Mrah Ez Zaiat,Mrah Ez Zaiat,,,,,TRUE,
batroun,myle,Myle,Myle,,,,,TRUE,
batroun,nabaa-ej-jdid,Nabaa Ej Jdid,Nabaa Ej Jdid,,,,,TRUE,
batroun,niha-el-batroun,Niha El Batroun,Niha El Batroun,,,,,TRUE,
batroun,ouadi-tanourine-et-tahta,Ouadi Tanourine Et Tahta,Ouadi Tanourine Et Tahta,,,,,TRUE,
batroun,ouata-haub,Ouata Haub,Ouata Haub,,,,,TRUE,
batroun,qalaat-el-hosn,Qalaat El Hosn,Qalaat El Hosn,,,,,TRUE,
batroun,qarnaoun,Qarnaoun,Qarnaoun,,,,,TRUE,
batroun,quajh-el-hajar,Quajh El Hajar,Quajh El Hajar,,,,,TRUE,
batroun,racha,Racha,Racha,,,,,TRUE,
batroun,rachana,Rachana,Rachana,,,,,TRUE,
batroun,rachkida,Rachkida,Rachkida,,,,,TRUE,
batroun,ras-bnaiya,Ras Bnaiya,Ras Bnaiya,,,,,TRUE,
batroun,ras-ed-daouali,Ras Ed Daouali,Ras Ed Daouali,,,,,TRUE,
batroun,ras-nahhach,Ras Nahhach,Ras Nahhach,,,,,TRUE,
batroun,selaata,Selaata,Selaata,,,,,TRUE,
batroun,sghar,Sghar,Sghar,,,,,TRUE,
batroun,sourat,Sourat,Sourat,,,,,TRUE,
batroun,tannourine-el-faouqa,Tannourine El Faouqa,Tannourine El Faouqa,,,,,TRUE,
batroun,tanourine-et-tahta,Tanourine Et Tahta,Tanourine Et Tahta,,,,,TRUE,
batroun,thoum,Thoum,Thoum,,,,,TRUE,
batroun,zane,Zane,Zane,,,,,TRUE,
beirut,aadlyeh,Aadlyeh,Aadlyeh,,,,,TRUE,
beirut,abou-hamad,Abou Hamad,Abou Hamad,,,,,TRUE,
beirut,achrafiye,Achrafiye,Achrafiye,,,,,TRUE,
beirut,afif-el-taybi,Afif El Taybi,Afif El Taybi,,,,,TRUE,
beirut,aicha-bakkar,Aicha Bakkar,Aicha Bakkar,,,,,TRUE,
beirut,ain-al-mraiseh,Ain Al Mraiseh,Ain Al Mraiseh,,,,,TRUE,
beirut,ain-el-remmaneh,Ain El Remmaneh,Ain El Remmaneh,,,,,TRUE,
beirut,ain-el-tine,Ain El Tine,Ain El Tine,,,,,TRUE,
beirut,ain-mreisse,Ain Mreisse,Ain Mreisse,,,,,TRUE,
beirut,baajour,Baajour,Baajour,,,,,TRUE,
beirut,bab-idriss,Bab Idriss,Bab Idriss,,,,,TRUE,
beirut,bachoura,Bachoura,Bachoura,,,,,TRUE,
beirut,badaro,Badaro,Badaro,,,,,TRUE,
beirut,barbir,Barbir,Barbir,,,,,TRUE,
beirut,basta-faouka,Basta Faouka,Basta Faouka,,,,,TRUE,
beirut,basta-tahta,Basta Tahta,Basta Tahta,,,,,TRUE,
beirut,bechara-el-khoury,Bechara El Khoury,Bechara El Khoury,,,,,TRUE,
beirut,beirut,Beirut,Beirut,,,,,TRUE,
beirut,beirut-central-district,Beirut Central District,Beirut Central District,,,,,TRUE,
beirut,bir-hassan,Bir Hassan,Bir Hassan,,,,,TRUE,
beirut,bliss,Bliss,Bliss,,,,,TRUE,
beirut,botros,Botros,Botros,,,,,TRUE,
beirut,bourj-abi-haidar,Bourj Abi Haidar,Bourj Abi Haidar,,,,,TRUE,
beirut,brazilia,Brazilia,Brazilia,,,,,TRUE,
beirut,champ-de-courses,Champ De Courses,Champ De Courses,,,,,TRUE,
beirut,chatila,Chatila,Chatila,,,,,TRUE,
beirut,chiayah,Chiayah,Chiayah,,,,,TRUE,
beirut,cite-sportive,Cite Sportive,Cite Sportive,,,,,TRUE,
beirut,city-center-hazmieh,City Center Hazmieh,City Center Hazmieh,,,,,TRUE,
beirut,clemenceau,Clemenceau,Clemenceau,,,,,TRUE,
beirut,cola,Cola,Cola,,,,,TRUE,
beirut,corniche-el-naher,Corniche El Naher,Corniche El Naher,,,,,TRUE,
beirut,daoura,Daoura,Daoura,,,,,TRUE,
beirut,dar-al-fatwa,Dar Al Fatwa,Dar Al Fatwa,,,,,TRUE,
beirut,dawhet-aaramoun,Dawhet Aaramoun,Dawhet Aaramoun,,,,,TRUE,
beirut,ej-jeitaoui,Ej Jeitaoui,Ej Jeitaoui,,,,,TRUE,
beirut,el-aamliye,El Aamliye,El Aamliye,,,,,TRUE,
beirut,el-ghabe,El Ghabe,El Ghabe,,,,,TRUE,
beirut,el-hamra,El Hamra,El Hamra,,,,,TRUE,
beirut,el-horge,El Horge,El Horge,,,,,TRUE,
beirut,el-majidiye-beirut,El Majidiye Beirut,El Majidiye Beirut,,,,,TRUE,
beirut,el-ouzaai,El Ouzaai,El Ouzaai,,,,,TRUE,
beirut,el-qalaa-sin-el-fil,El Qalaa Sin El Fil,El Qalaa Sin El Fil,,,,,TRUE,
beirut,el-wata,El Wata,El Wata,,,,,TRUE,
beirut,el-zarif,El Zarif,El Zarif,,,,,TRUE,
beirut,er-rouais,Er Rouais,Er Rouais,,,,,TRUE,
beirut,et-tahouita,Et Tahouita,Et Tahouita,,,,,TRUE,
beirut,fourn-el-hayek,Fourn El Hayek,Fourn El Hayek,,,,,TRUE,
beirut,gemmayze,Gemmayze,Gemmayze,,,,,TRUE,
beirut,ghobeire,Ghobeire,Ghobeire,,,,,TRUE,
beirut,grand-serail,Grand Serail,Grand Serail,,,,,TRUE,
beirut,hamra,Hamra,Hamra,,,,,TRUE,
beirut,haret-chbib,Haret Chbib,Haret Chbib,,,,,TRUE,
beirut,haret-hraik,Haret Hraik,Haret Hraik,,,,,TRUE,
beirut,hay-es-sellom,Hay Es Sellom,Hay Es Sellom,,,,,TRUE,
beirut,horch-tabet,Horch Tabet,Horch Tabet,,,,,TRUE,
beirut,hotel-dieu,Hotel Dieu,Hotel Dieu,,,,,TRUE,
beirut,jnah,Jnah,Jnah,,,,,TRUE,
beirut,jounblat,Jounblat,Jounblat,,,,,TRUE,
beirut,karantina,Karantina,Karantina,,,,,TRUE,
beirut,khodr,Khodr,Khodr,,,,,TRUE,
beirut,la-sagesse,La Sagesse,La Sagesse,,,,,TRUE,
beirut,malaab,Malaab,Malaab,,,,,TRUE,
beirut,manara,Manara,Manara,,,,,TRUE,
beirut,mar-elias,Mar Elias,Mar Elias,,,,,TRUE,
beirut,mar-maroun,Mar Maroun,Mar Maroun,,,,,TRUE,
beirut,mar-mitr,Mar Mitr,Mar Mitr,,,,,TRUE,
beirut,mar-mkhayel,Mar Mkhayel,Mar Mkhayel,,,,,TRUE,
beirut,mar-nqoula,Mar Nqoula,Mar Nqoula,,,,,TRUE,
beirut,mar-taqla,Mar Taqla,Mar Taqla,,,,,TRUE,
beirut,mar-youssef,Mar Youssef,Mar Youssef,,,,,TRUE,
beirut,marfaa,Marfaa,Marfaa,,,,,TRUE,
beirut,mathaf,Mathaf,Mathaf,,,,,TRUE,
beirut,mazraa,Mazraa,Mazraa,,,,,TRUE,
beirut,mcharafiye,Mcharafiye,Mcharafiye,,,,,TRUE,
beirut,medouar,Medouar,Medouar,,,,,TRUE,
beirut,minet-el-hosn,Minet El Hosn,Minet El Hosn,,,,,TRUE,
beirut,motran,Motran,Motran,,,,,TRUE,
beirut,moussaitbe,Moussaitbe,Moussaitbe,,,,,TRUE,
beirut,moustachfa-er-roum,Moustachfa Er Roum,Moustachfa Er Roum,,,,,TRUE,
beirut,najmeh,Najmeh,Najmeh,,,,,TRUE,
beirut,nasra,Nasra,Nasra,,,,,TRUE,
beirut,nowayri,Nowayri,Nowayri,,,,,TRUE,
beirut,palais-de-justice,Palais De Justice,Palais De Justice,,,,,TRUE,
beirut,parc,Parc,Parc,,,,,TRUE,
beirut,patriarcat,Patriarcat,Patriarcat,,,,,TRUE,
beirut,phoenicia,Phoenicia,Phoenicia,,,,,TRUE,
beirut,place-de-letoile,Place De L'etoile,Place De L'etoile,,,,,TRUE,
beirut,qantari,Qantari,Qantari,,,,,TRUE,
beirut,qasqas,Qasqas,Qasqas,,,,,TRUE,
beirut,qoraitem,Qoraitem,Qoraitem,,,,,TRUE,
beirut,ramlet-el-bayda,Ramlet El Bayda,Ramlet El Bayda,,,,,TRUE,
beirut,raoucheh,Raoucheh,Raoucheh,,,,,TRUE,
beirut,ras-beirut,Ras Beirut,Ras Beirut,,,,,TRUE,
beirut,ras-el-nabaa,Ras El Nabaa,Ras El Nabaa,,,,,TRUE,
beirut,remeil,Remeil,Remeil,,,,,TRUE,
beirut,rouaiss,Rouaiss,Rouaiss,,,,,TRUE,
beirut,sabra,Sabra,Sabra,,,,,TRUE,
beirut,sadaqa,Sadaqa,Sadaqa,,,,,TRUE,
beirut,saeb-salam,Saeb Salam,Saeb Salam,,,,,TRUE,
beirut,saife,Saife,Saife,,,,,TRUE,
beirut,salim-slem,Salim Slem,Salim Slem,,,,,TRUE,
beirut,saloumi,Saloumi,Saloumi,,,,,TRUE,
beirut,sanayeh,Sanayeh,Sanayeh,,,,,TRUE,
beirut,saqyet-al-janzeer,Saqyet Al Janzeer,Saqyet Al Janzeer,,,,,TRUE,
beirut,sassine,Sassine,Sassine,,,,,TRUE,
beirut,sibnay,Sibnay,Sibnay,,,,,TRUE,
beirut,sinn-el-fil,Sinn El Fil,Sinn El Fil,,,,,TRUE,
beirut,sioufi,Sioufi,Sioufi,,,,,TRUE,
beirut,snoubra,Snoubra,Snoubra,,,,,TRUE,
beirut,sodeco,Sodeco,Sodeco,,,,,TRUE,
beirut,tahouitet-el-ghadir,Tahouitet El Ghadir,Tahouitet El Ghadir,,,,,TRUE,
beirut,tallet-druze,Tallet Druze,Tallet Druze,,,,,TRUE,
beirut,tallet-jounblat,Tallet Jounblat,Tallet Jounblat,,,,,TRUE,
beirut,tallet-el-khayat,Tallet El Khayat,Tallet El Khayat,,,,,TRUE,
beirut,tariq-el-jdide,Tariq El Jdide,Tariq El Jdide,,,,,TRUE,
beirut,the-golf-club,The Golf Club,The Golf Club,,,,,TRUE,
beirut,unesco,Unesco,Unesco,,,,,TRUE,
beirut,universite-americaine,Universite Americaine,Universite Americaine,,,,,TRUE,
beirut,universite-st-joseph,Universite St Joseph,Universite St Joseph,,,,,TRUE,
beirut,verdun,Verdun,Verdun,,,,,TRUE,
beirut,warware,Warware,Warware,,,,,TRUE,
beirut,zoqaq-el-blat,Zoqaq El Blat,Zoqaq El Blat,,,,,TRUE,
bint-jbeil,aainata,Aainata,Aainata,,,,,TRUE,
bint-jbeil,aaita-ez-zott,Aaita Ez Zott,Aaita Ez Zott,,,,,TRUE,
bint-jbeil,aaitaroun,Aaitaroun,Aaitaroun,,,,,TRUE,
bint-jbeil,aaraar,Aaraar,Aaraar,,,,,TRUE,
bint-jbeil,ain-ebel,Ain Ebel,Ain Ebel,,,,,TRUE,
bint-jbeil,aita-ech-chaab,Aita Ech Chaab,Aita Ech Chaab,,,,,TRUE,
bint-jbeil,beit-lif,Beit Lif,Beit Lif,,,,,TRUE,
bint-jbeil,beit-yahnoun,Beit Yahnoun,Beit Yahnoun,,,,,TRUE,
bint-jbeil,bir-es-sanassel,Bir Es Sanassel,Bir Es Sanassel,,,,,TRUE,
bint-jbeil,borj-qalaouiye,Borj Qalaouiye,Borj Qalaouiye,,,,,TRUE,
bint-jbeil,braachit,Braachit,Braachit,,,,,TRUE,
bint-jbeil,chaqra,Chaqra,Chaqra,,,,,TRUE,
bint-jbeil,debl-oummiya,Debl Oummiya,Debl Oummiya,,,,,TRUE,
bint-jbeil,deir-ntar,Deir Ntar,Deir Ntar,,,,,TRUE,
bint-jbeil,el-birke,El Birke,El Birke,,,,,TRUE,
bint-jbeil,froun,Froun,Froun,,,,,TRUE,
bint-jbeil,ghandouriye,Ghandouriye,Ghandouriye,,,,,TRUE,
bint-jbeil,haddatha,Haddatha,Haddatha,,,,,TRUE,
bint-jbeil,hanine,Hanine,Hanine,,,,,TRUE,
bint-jbeil,haris,Haris,Haris,,,,,TRUE,
bint-jbeil,hay-el-jameaa,Hay El Jameaa,Hay El Jameaa,,,,,TRUE,
bint-jbeil,jmaijime,Jmaijime,Jmaijime,,,,,TRUE,
bint-jbeil,kafra,Kafra,Kafra,,,,,TRUE,
bint-jbeil,kfar-dounine,Kfar Dounine,Kfar Dounine,,,,,TRUE,
bint-jbeil,khirbit-silim,Khirbit Silim,Khirbit Silim,,,,,TRUE,
bint-jbeil,kounine,Kounine,Kounine,,,,,TRUE,
bint-jbeil,maroun-er-ras,Maroun Er Ras,Maroun Er Ras,,,,,TRUE,
bint-jbeil,mazraat-aazze,Mazraat Aazze,Mazraat Aazze,,,,,TRUE,
bint-jbeil,qaouzah,Qaouzah,Qaouzah,,,,,TRUE,
bint-jbeil,qatmoun,Qatmoun,Qatmoun,,,,,TRUE,
bint-jbeil,rachaf,Rachaf,Rachaf,,,,,TRUE,
bint-jbeil,ramiye,Ramiye,Ramiye,,,,,TRUE,
bint-jbeil,rmaich,Rmaich,Rmaich,,,,,TRUE,
bint-jbeil,safad-el-battikh,Safad El Battikh,Safad El Battikh,,,,,TRUE,
bint-jbeil,soultaniye,Soultaniye,Soultaniye,,,,,TRUE,
bint-jbeil,sribbine,Sribbine,Sribbine,,,,,TRUE,
bint-jbeil,tebnine,Tebnine,Tebnine,,,,,TRUE,
bint-jbeil,yaroun,Yaroun,Yaroun,,,,,TRUE,
bint-jbeil,yater,Yater,Yater,,,,,TRUE,
bsharri,aabdine-bcharre,Aabdine Bcharre,Aabdine Bcharre,,,,,TRUE,
bsharri,ariz,Ariz,Ariz,,,,,TRUE,
bsharri,bane,Bane,Bane,,,,,TRUE,
bsharri,barhalioun,Barhalioun,Barhalioun,,,,,TRUE,
bsharri,bazaoun,Bazaoun,Bazaoun,,,,,TRUE,
bsharri,beit-menzer,Beit Menzer,Beit Menzer,,,,,TRUE,
bsharri,billa,Billa,Billa,,,,,TRUE,
bsharri,blaouza,Blaouza,Blaouza,,,,,TRUE,
bsharri,bqaa-kafra,Bqaa Kafra,Bqaa Kafra,,,,,TRUE,
bsharri,bqerqacha,Bqerqacha,Bqerqacha,,,,,TRUE,
bsharri,braissat,Braissat,Braissat,,,,,TRUE,
bsharri,chira,Chira,Chira,,,,,TRUE,
bsharri,dimane,Dimane,Dimane,,,,,TRUE,
bsharri,hadchit,Hadchit,Hadchit,,,,,TRUE,
bsharri,hadet-ej-jebbe,Hadet Ej Jebbe,Hadet Ej Jebbe,,,,,TRUE,
bsharri,hasroun,Hasroun,Hasroun,,,,,TRUE,
bsharri,kfar-saroun-dimane,Kfar Saroun Dimane,Kfar Saroun Dimane,,,,,TRUE,
bsharri,mazraat-assaf,Mazraat Assaf,Mazraat Assaf,,,,,TRUE,
bsharri,mazraat-beni-saab,Mazraat Beni Saab,Mazraat Beni Saab,,,,,TRUE,
bsharri,qnaiouer,Qnaiouer,Qnaiouer,,,,,TRUE,
bsharri,qnat,Qnat,Qnat,,,,,TRUE,
bsharri,tourza,Tourza,Tourza,,,,,TRUE,
bsharri,wadi-qannoubine,Wadi Qannoubine,Wadi Qannoubine,,,,,TRUE,
chouf,aalmane-ech-chouf,Aalmane Ech Chouf,Aalmane Ech Chouf,,,,,TRUE,
chouf,aammatour,Aammatour,Aammatour,,,,,TRUE,
chouf,aammiq-chouf,Aammiq Chouf,Aammiq Chouf,,,,,TRUE,
chouf,aanout,Aanout,Aanout,,,,,TRUE,
chouf,aaqline,Aaqline,Aaqline,,,,,TRUE,
chouf,aatrine,Aatrine,Aatrine,,,,,TRUE,
chouf,ain-aazime,Ain Aazime,Ain Aazime,,,,,TRUE,
chouf,ain-bal,Ain Bal,Ain Bal,,,,,TRUE,
chouf,ain-el-assad,Ain El Assad,Ain El Assad,,,,,TRUE,
chouf,ain-ouzain,Ain Ouzain,Ain Ouzain,,,,,TRUE,
chouf,ain-qeni,Ain Qeni,Ain Qeni,,,,,TRUE,
chouf,ain-zhalta,Ain Zhalta,Ain Zhalta,,,,,TRUE,
chouf,almane-ed-daiaa,Almane Ed Daiaa,Almane Ed Daiaa,,,,,TRUE,
chouf,baadarane,Baadarane,Baadarane,,,,,TRUE,
chouf,baaqline,Baaqline,Baaqline,,,,,TRUE,
chouf,baasir,Baasir,Baasir,,,,,TRUE,
chouf,baiqoun,Baiqoun,Baiqoun,,,,,TRUE,
chouf,barja,Barja,Barja,,,,,TRUE,
chouf,barouk,Barouk,Barouk,,,,,TRUE,
chouf,batloun,Batloun,Batloun,,,,,TRUE,
chouf,bchatfine,Bchatfine,Bchatfine,,,,,TRUE,
chouf,beit-aallam,Beit Aallam,Beit Aallam,,,,,TRUE,
chouf,beit-ed-dine,Beit Ed Dine,Beit Ed Dine,,,,,TRUE,
chouf,bkechtine,Bkechtine,Bkechtine,,,,,TRUE,
chouf,boqaata,Boqaata,Boqaata,,,,,TRUE,
chouf,borjein,Borjein,Borjein,,,,,TRUE,
chouf,boudine,Boudine,Boudine,,,,,TRUE,
chouf,boutme,Boutme,Boutme,,,,,TRUE,
chouf,bqaiaa,Bqaiaa,Bqaiaa,,,,,TRUE,
chouf,brih,Brih,Brih,,,,,TRUE,
chouf,bsennay,Bsennay,Bsennay,,,,,TRUE,
chouf,bzina,Bzina,Bzina,,,,,TRUE,
chouf,chhim,Chhim,Chhim,,,,,TRUE,
chouf,chmaarine,Chmaarine,Chmaarine,,,,,TRUE,
chouf,choualiq-deir-el-qamar,Choualiq Deir El Qamar,Choualiq Deir El Qamar,,,,,TRUE,
chouf,dabche,Dabche,Dabche,,,,,TRUE,
chouf,dahr-ech-chqif,Dahr Ech Chqif,Dahr Ech Chqif,,,,,TRUE,
chouf,dahr-el-aaqline,Dahr El Aaqline,Dahr El Aaqline,,,,,TRUE,
chouf,dahr-el-mghara,Dahr El Mghara,Dahr El Mghara,,,,,TRUE,
chouf,dalhoun,Dalhoun,Dalhoun,,,,,TRUE,
chouf,damour,Damour,Damour,,,,,TRUE,
chouf,daraiya,Daraiya,Daraiya,,,,,TRUE,
chouf,dawhet-el-hoss,Dawhet El Hoss,Dawhet El Hoss,,,,,TRUE,
chouf,deir-baba,Deir Baba,Deir Baba,,,,,TRUE,
chouf,deir-dourite,Deir Dourite,Deir Dourite,,,,,TRUE,
chouf,deir-el-mkhales,Deir El Mkhales,Deir El Mkhales,,,,,TRUE,
chouf,deir-qouche,Deir Qouche,Deir Qouche,,,,,TRUE,
chouf,deir-el-qamar,Deir El Qamar,Deir El Qamar,,,,,TRUE,
chouf,delghani,Delghani,Delghani,,,,,TRUE,
chouf,dhour-ain-al-haour,Dhour Ain Al Haour,Dhour Ain Al Haour,,,,,TRUE,
chouf,dibbiye,Dibbiye,Dibbiye,,,,,TRUE,
chouf,dmit,Dmit,Dmit,,,,,TRUE,
chouf,douair-ed-dibbiye,Douair Ed Dibbiye,Douair Ed Dibbiye,,,,,TRUE,
chouf,el-kherbe,El Kherbe,El Kherbe,,,,,TRUE,
chouf,el-khraibe,El Khraibe,El Khraibe,,,,,TRUE,
chouf,el-ouardani,El Ouardani,El Ouardani,,,,,TRUE,
chouf,el-qateaa,El Qateaa,El Qateaa,,,,,TRUE,
chouf,et-taamir,Et Taamir,Et Taamir,,,,,TRUE,
chouf,faouarat-jaafar,Faouarat Jaafar,Faouarat Jaafar,,,,,TRUE,
chouf,fraidiss,Fraidiss,Fraidiss,,,,,TRUE,
chouf,ghabet-jaafar,Ghabet Jaafar,Ghabet Jaafar,,,,,TRUE,
chouf,gharife,Gharife,Gharife,,,,,TRUE,
chouf,haret-baasir,Haret Baasir,Haret Baasir,,,,,TRUE,
chouf,haret-beit-madi,Haret Beit Madi,Haret Beit Madi,,,,,TRUE,
chouf,haret-jandal,Haret Jandal,Haret Jandal,,,,,TRUE,
chouf,haret-en-naame,Haret En Naame,Haret En Naame,,,,,TRUE,
chouf,hasrout,Hasrout,Hasrout,,,,,TRUE,
chouf,jadra,Jadra,Jadra,,,,,TRUE,
chouf,jahliye,Jahliye,Jahliye,,,,,TRUE,
chouf,jamailiye,Jamailiye,Jamailiye,,,,,TRUE,
chouf,jbaa,Jbaa,Jbaa,,,,,TRUE,
chouf,jdaide-chouf,Jdaide Chouf,Jdaide Chouf,,,,,TRUE,
chouf,jeayel,Je'ayel,Je'ayel,,,,,TRUE,
chouf,jiye,Jiye,Jiye,,,,,TRUE,
chouf,joun,Joun,Joun,,,,,TRUE,
chouf,kahlouniye,Kahlouniye,Kahlouniye,,,,,TRUE,
chouf,kahlouniye-chouf,Kahlouniye Chouf,Kahlouniye Chouf,,,,,TRUE,
chouf,ketermaya,Ketermaya,Ketermaya,,,,,TRUE,
chouf,kfar-faqoud,Kfar Faqoud,Kfar Faqoud,,,,,TRUE,
chouf,kfar-hamal,Kfar Hamal,Kfar Hamal,,,,,TRUE,
chouf,kfar-him,Kfar Him,Kfar Him,,,,,TRUE,
chouf,kfar-nabrakh,Kfar Nabrakh,Kfar Nabrakh,,,,,TRUE,
chouf,kfar-niss,Kfar Niss,Kfar Niss,,,,,TRUE,
chouf,kfar-qatra,Kfar Qatra,Kfar Qatra,,,,,TRUE,
chouf,khalouat-jernaya,Khalouat Jernaya,Khalouat Jernaya,,,,,TRUE,
chouf,khiam-ed-damour,Khiam Ed Damour,Khiam Ed Damour,,,,,TRUE,
chouf,khirbit-bisri,Khirbit Bisri,Khirbit Bisri,,,,,TRUE,
chouf,khraibe-chouf,Khraibe Chouf,Khraibe Chouf,,,,,TRUE,
chouf,knisse-chouf,Knisse Chouf,Knisse Chouf,,,,,TRUE,
chouf,maaniye,Maaniye,Maaniye,,,,,TRUE,
chouf,maaser-beit-ed-dine,Maaser Beit Ed Dine,Maaser Beit Ed Dine,,,,,TRUE,
chouf,maasser-ech-chouf,Maasser Ech Chouf,Maasser Ech Chouf,,,,,TRUE,
chouf,majdalouna,Majdalouna,Majdalouna,,,,,TRUE,
chouf,majdel-el-meouch,Majdel El Meouch,Majdel El Meouch,,,,,TRUE,
chouf,mar-mikheyel-ed-damour,Mar Mikheyel Ed Damour,Mar Mikheyel Ed Damour,,,,,TRUE,
chouf,mar-taqla-en-naame,Mar Taqla En Naame,Mar Taqla En Naame,,,,,TRUE,
chouf,marj-aali,Marj Aali,Marj Aali,,,,,TRUE,
chouf,marj-barja,Marj Barja,Marj Barja,,,,,TRUE,
chouf,marj-ketermaya,Marj Ketermaya,Marj Ketermaya,,,,,TRUE,
chouf,marjiat,Marjiat,Marjiat,,,,,TRUE,
chouf,mazboud,Mazboud,Mazboud,,,,,TRUE,
chouf,mazmoura,Mazmoura,Mazmoura,,,,,TRUE,
chouf,mazraat-el-barghoutiye,Mazraat El Barghoutiye,Mazraat El Barghoutiye,,,,,TRUE,
chouf,mazraat-ech-chouf,Mazraat Ech Chouf,Mazraat Ech Chouf,,,,,TRUE,
chouf,mazraat-ed-dahr,Mazraat Ed Dahr,Mazraat Ed Dahr,,,,,TRUE,
chouf,mazraat-ed-doueir,Mazraat Ed Doueir,Mazraat Ed Doueir,,,,,TRUE,
chouf,mazraat-er-rzaniye,Mazraat Er Rzaniye,Mazraat Er Rzaniye,,,,,TRUE,
chouf,mechref,Mechref,Mechref,,,,,TRUE,
chouf,mghaire,Mghaire,Mghaire,,,,,TRUE,
chouf,mghairiye,Mghairiye,Mghairiye,,,,,TRUE,
chouf,mghairiye-chouf,Mghairiye Chouf,Mghairiye Chouf,,,,,TRUE,
chouf,moukhtara,Moukhtara,Moukhtara,,,,,TRUE,
chouf,mrah-el-aassi,Mrah El Aassi,Mrah El Aassi,,,,,TRUE,
chouf,mristi,Mristi,Mristi,,,,,TRUE,
chouf,mtaile,Mtaile,Mtaile,,,,,TRUE,
chouf,mtoulle,Mtoulle,Mtoulle,,,,,TRUE,
chouf,naame,Naame,Naame,,,,,TRUE,
chouf,nabi-younos,Nabi Younos,Nabi Younos,,,,,TRUE,
chouf,niha,Niha,Niha,,,,,TRUE,
chouf,niha-chouf,Niha Chouf,Niha Chouf,,,,,TRUE,
chouf,ouadi-bnahle,Ouadi Bnahle,Ouadi Bnahle,,,,,TRUE,
chouf,ouadi-deir-dourit,Ouadi Deir Dourit,Ouadi Deir Dourit,,,,,TRUE,
chouf,ouadi-ez-zeyni,Ouadi Ez Zeyni,Ouadi Ez Zeyni,,,,,TRUE,
chouf,ouadi-es-sitt,Ouadi Es Sitt,Ouadi Es Sitt,,,,,TRUE,
chouf,ouarhaniye,Ouarhaniye,Ouarhaniye,,,,,TRUE,
chouf,qraiaa,Qraiaa,Qraiaa,,,,,TRUE,
chouf,quardaniye,Quardaniye,Quardaniye,,,,,TRUE,
chouf,ras-aalous,Ras Aalous,Ras Aalous,,,,,TRUE,
chouf,rmaile,Rmaile,Rmaile,,,,,TRUE,
chouf,saadiyat,Saadiyat,Saadiyat,,,,,TRUE,
chouf,sabouniye,Sabouniye,Sabouniye,,,,,TRUE,
chouf,samqaniye,Samqaniye,Samqaniye,,,,,TRUE,
chouf,sibline,Sibline,Sibline,,,,,TRUE,
chouf,sirjbal,Sirjbal,Sirjbal,,,,,TRUE,
chouf,warhaniyeh,Warhaniyeh,Warhaniyeh,,,,,TRUE,
chouf,zaarouriye,Zaarouriye,Zaarouriye,,,,,TRUE,
hasbaya,abou-qamha,Abou Qamha,Abou Qamha,,,,,TRUE,
hasbaya,ain-jerfa,Ain Jerfa,Ain Jerfa,,,,,TRUE,
hasbaya,ain-qenya,Ain Qenya,Ain Qenya,,,,,TRUE,
hasbaya,ain-tanta,Ain Tanta,Ain Tanta,,,,,TRUE,
hasbaya,berghoz,Berghoz,Berghoz,,,,,TRUE,
hasbaya,chebaa,Chebaa,Chebaa,,,,,TRUE,
hasbaya,dlafy,Dlafy,Dlafy,,,,,TRUE,
hasbaya,dnaibe,Dnaibe,Dnaibe,,,,,TRUE,
hasbaya,el-majidiye,El Majidiye,El Majidiye,,,,,TRUE,
hasbaya,habbariyeh,Habbariyeh,Habbariyeh,,,,,TRUE,
hasbaya,halta-hasbaya,Halta Hasbaya,Halta Hasbaya,,,,,TRUE,
hasbaya,hasbaiya,Hasbaiya,Hasbaiya,,,,,TRUE,
hasbaya,hebbariye,Hebbariye,Hebbariye,,,,,TRUE,
hasbaya,kaoukaba-hasbaya,Kaoukaba Hasbaya,Kaoukaba Hasbaya,,,,,TRUE,
hasbaya,kfar-chouba,Kfar Chouba,Kfar Chouba,,,,,TRUE,
hasbaya,kfar-hamam,Kfar Hamam,Kfar Hamam,,,,,TRUE,
hasbaya,khalouat-hasbaya,Khalouat Hasbaya,Khalouat Hasbaya,,,,,TRUE,
hasbaya,khalouat-el-biyada,Khalouat El Biyada,Khalouat El Biyada,,,,,TRUE,
hasbaya,khirbet-ed-dwayr,Khirbet Ed Dwayr,Khirbet Ed Dwayr,,,,,TRUE,
hasbaya,khraibe-hasbaya,Khraibe Hasbaya,Khraibe Hasbaya,,,,,TRUE,
hasbaya,mimes,Mimes,Mimes,,,,,TRUE,
hasbaya,rachaiya-el-foukhar,Rachaiya El Foukhar,Rachaiya El Foukhar,,,,,TRUE,
hasbaya,slaiyeb,Slaiyeb,Slaiyeb,,,,,TRUE,
hasbaya,tallet-el-qaaqour,Tallet El Qaaqour,Tallet El Qaaqour,,,,,TRUE,
hasbaya,zaghla,Zaghla,Zaghla,,,,,TRUE,
hermel,ain-al-jadideh,Ain Al Jadideh,Ain Al Jadideh,,,,,TRUE,
hermel,bdita,Bdita,Bdita,,,,,TRUE,
hermel,beit-hira,Beit Hira,Beit Hira,,,,,TRUE,
hermel,chouaghir,Chouaghir,Chouaghir,,,,,TRUE,
hermel,ech-charbine,Ech Charbine,Ech Charbine,,,,,TRUE,
hermel,ed-daoura-el-hermel,Ed Daoura El Hermel,Ed Daoura El Hermel,,,,,TRUE,
hermel,fissane,Fissane,Fissane,,,,,TRUE,
hermel,hmaire,Hmaire,Hmaire,,,,,TRUE,
hermel,jouar-el-hachich,Jouar El Hachich,Jouar El Hachich,,,,,TRUE,
hermel,mrah-el-ain,Mrah El Ain,Mrah El Ain,,,,,TRUE,
hermel,nasriye,Nasriye,Nasriye,,,,,TRUE,
hermel,tall-el-far,Tall El Far,Tall El Far,,,,,TRUE,
jbeil-byblos,aabeidat,Aabeidat,Aabeidat,,,,,TRUE,
jbeil-byblos,aaboud,Aaboud,Aaboud,,,,,TRUE,
jbeil-byblos,aainat,Aainat,Aainat,,,,,TRUE,
jbeil-byblos,aalita,Aalita,Aalita,,,,,TRUE,
jbeil-byblos,aamchit,Aamchit,Aamchit,,,,,TRUE,
jbeil-byblos,aannaya,Aannaya,Aannaya,,,,,TRUE,
jbeil-byblos,aaqoura,Aaqoura,Aaqoura,,,,,TRUE,
jbeil-byblos,aayoun-el-aalaq,Aayoun El Aalaq,Aayoun El Aalaq,,,,,TRUE,
jbeil-byblos,afqa,Afqa,Afqa,,,,,TRUE,
jbeil-byblos,ain-bqechqoch,Ain Bqechqoch,Ain Bqechqoch,,,,,TRUE,
jbeil-byblos,ain-ed-delbe-jbeil,Ain Ed Delbe Jbeil,Ain Ed Delbe Jbeil,,,,,TRUE,
jbeil-byblos,ain-ghalboun,Ain Ghalboun,Ain Ghalboun,,,,,TRUE,
jbeil-byblos,ain-jrain,Ain Jrain,Ain Jrain,,,,,TRUE,
jbeil-byblos,ain-kfaa,Ain Kfaa,Ain Kfaa,,,,,TRUE,
jbeil-byblos,ain-el-ghouaibe,Ain El Ghouaibe,Ain El Ghouaibe,,,,,TRUE,
jbeil-byblos,ain-el-qadah,Ain El Qadah,Ain El Qadah,,,,,TRUE,
jbeil-byblos,assia,Assia,Assia,,,,,TRUE,
jbeil-byblos,baachta,Baachta,Baachta,,,,,TRUE,
jbeil-byblos,balhoss,Balhoss,Balhoss,,,,,TRUE,
jbeil-byblos,barbara,Barbara,Barbara,,,,,TRUE,
jbeil-byblos,barij,Barij,Barij,,,,,TRUE,
jbeil-byblos,barzakine,Barzakine,Barzakine,,,,,TRUE,
jbeil-byblos,bchelli,Bchelli,Bchelli,,,,,TRUE,
jbeil-byblos,bechtelida,Bechtelida,Bechtelida,,,,,TRUE,
jbeil-byblos,behdaidat,Behdaidat,Behdaidat,,,,,TRUE,
jbeil-byblos,beit-el-boume,Beit El Boume,Beit El Boume,,,,,TRUE,
jbeil-byblos,beit-hbaq,Beit Hbaq,Beit Hbaq,,,,,TRUE,
jbeil-byblos,bejje,Bejje,Bejje,,,,,TRUE,
jbeil-byblos,bekhaaz,Bekhaaz,Bekhaaz,,,,,TRUE,
jbeil-byblos,bentaael,Bentaael,Bentaael,,,,,TRUE,
jbeil-byblos,berbara,Berbara,Berbara,,,,,TRUE,
jbeil-byblos,bezbina-jbeil,Bezbina (jbeil),Bezbina (jbeil),,,,,TRUE,
jbeil-byblos,beziyoun,Beziyoun,Beziyoun,,,,,TRUE,
jbeil-byblos,bhassis,Bhassis,Bhassis,,,,,TRUE,
jbeil-byblos,bir-el-hait,Bir El Hait,Bir El Hait,,,,,TRUE,
jbeil-byblos,blat,Blat,Blat,,,,,TRUE,
jbeil-byblos,bmehrine,Bmehrine,Bmehrine,,,,,TRUE,
jbeil-byblos,bqarta,Bqarta,Bqarta,,,,,TRUE,
jbeil-byblos,bqayaa,Bqayaa,Bqayaa,,,,,TRUE,
jbeil-byblos,breij,Breij,Breij,,,,,TRUE,
jbeil-byblos,broqta,Broqta,Broqta,,,,,TRUE,
jbeil-byblos,chaabiyat-el-fawqa,Chaabiyat El Fawqa,Chaabiyat El Fawqa,,,,,TRUE,
jbeil-byblos,chaloumas,Chaloumas,Chaloumas,,,,,TRUE,
jbeil-byblos,chamat,Chamat,Chamat,,,,,TRUE,
jbeil-byblos,chattine,Chattine,Chattine,,,,,TRUE,
jbeil-byblos,chikhane,Chikhane,Chikhane,,,,,TRUE,
jbeil-byblos,chmout,Chmout,Chmout,,,,,TRUE,
jbeil-byblos,deir-kfifane,Deir Kfifane,Deir Kfifane,,,,,TRUE,
jbeil-byblos,deir-mar-maroun,Deir Mar Maroun,Deir Mar Maroun,,,,,TRUE,
jbeil-byblos,deir-mar-sarkis,Deir Mar Sarkis,Deir Mar Sarkis,,,,,TRUE,
jbeil-byblos,deir-mar-youssef-jrabta,Deir Mar Youssef Jrabta,Deir Mar Youssef Jrabta,,,,,TRUE,
jbeil-byblos,deir-el-qattara,Deir El Qattara,Deir El Qattara,,,,,TRUE,
jbeil-byblos,dmalsa,Dmalsa,Dmalsa,,,,,TRUE,
jbeil-byblos,douar-bou-chahine,Douar Bou Chahine,Douar Bou Chahine,,,,,TRUE,
jbeil-byblos,doueir,Doueir,Doueir,,,,,TRUE,
jbeil-byblos,douq,Douq,Douq,,,,,TRUE,
jbeil-byblos,ed-darje,Ed Darje,Ed Darje,,,,,TRUE,
jbeil-byblos,edde,Edde,Edde,,,,,TRUE,
jbeil-byblos,edde-el-batroun,Edde El Batroun,Edde El Batroun,,,,,TRUE,
jbeil-byblos,ehmej,Ehmej,Ehmej,,,,,TRUE,
jbeil-byblos,el-aarich,El Aarich,El Aarich,,,,,TRUE,
jbeil-byblos,el-houssoun,El Houssoun,El Houssoun,,,,,TRUE,
jbeil-byblos,el-owaynate,El Owaynate,El Owaynate,,,,,TRUE,
jbeil-byblos,es-saqi,Es Saqi,Es Saqi,,,,,TRUE,
jbeil-byblos,fatre,Fatre,Fatre,,,,,TRUE,
jbeil-byblos,ferhet,Ferhet,Ferhet,,,,,TRUE,
jbeil-byblos,fghal,Fghal,Fghal,,,,,TRUE,
jbeil-byblos,fidar,Fidar,Fidar,,,,,TRUE,
jbeil-byblos,fidar-et-tahta,Fidar Et Tahta,Fidar Et Tahta,,,,,TRUE,
jbeil-byblos,fidar-el-faouqa,Fidar El Faouqa,Fidar El Faouqa,,,,,TRUE,
jbeil-byblos,frat,Frat,Frat,,,,,TRUE,
jbeil-byblos,ghabate,Ghabate,Ghabate,,,,,TRUE,
jbeil-byblos,ghabline,Ghabline,Ghabline,,,,,TRUE,
jbeil-byblos,ghalboun,Ghalboun,Ghalboun,,,,,TRUE,
jbeil-byblos,gharfine,Gharfine,Gharfine,,,,,TRUE,
jbeil-byblos,gharzouz,Gharzouz,Gharzouz,,,,,TRUE,
jbeil-byblos,ghouma,Ghouma,Ghouma,,,,,TRUE,
jbeil-byblos,habboub,Habboub,Habboub,,,,,TRUE,
jbeil-byblos,hadtoun,Hadtoun,Hadtoun,,,,,TRUE,
jbeil-byblos,halat,Halat,Halat,,,,,TRUE,
jbeil-byblos,hay-el-aarbe,Hay El Aarbe,Hay El Aarbe,,,,,TRUE,
jbeil-byblos,hay-el-baalbakiye,Hay El Baalbakiye,Hay El Baalbakiye,,,,,TRUE,
jbeil-byblos,hay-el-aarab,Hay El Aarab,Hay El Aarab,,,,,TRUE,
jbeil-byblos,hbalin,Hbalin,Hbalin,,,,,TRUE,
jbeil-byblos,hedayne,Hedayne,Hedayne,,,,,TRUE,
jbeil-byblos,heloue,Heloue,Heloue,,,,,TRUE,
jbeil-byblos,hjoula,Hjoula,Hjoula,,,,,TRUE,
jbeil-byblos,hosn-aar,Hosn Aar,Hosn Aar,,,,,TRUE,
jbeil-byblos,hosna,Hosna,Hosna,,,,,TRUE,
jbeil-byblos,hosrayel,Hosrayel,Hosrayel,,,,,TRUE,
jbeil-byblos,hrazmin,Hrazmin,Hrazmin,,,,,TRUE,
jbeil-byblos,hsarat,Hsarat,Hsarat,,,,,TRUE,
jbeil-byblos,jaj,Jaj,Jaj,,,,,TRUE,
jbeil-byblos,jdayel,Jdayel,Jdayel,,,,,TRUE,
jbeil-byblos,jengel,Jengel,Jengel,,,,,TRUE,
jbeil-byblos,jlaisse,Jlaisse,Jlaisse,,,,,TRUE,
jbeil-byblos,jouret-el-qattine,Jouret El Qattine,Jouret El Qattine,,,,,TRUE,
jbeil-byblos,jrane,Jrane,Jrane,,,,,TRUE,
jbeil-byblos,jrebta-jbeil,Jrebta Jbeil,Jrebta Jbeil,,,,,TRUE,
jbeil-byblos,kafr,Kafr,Kafr,,,,,TRUE,
jbeil-byblos,kfar-chakha,Kfar Chakha,Kfar Chakha,,,,,TRUE,
jbeil-byblos,kfar-chilli,Kfar Chilli,Kfar Chilli,,,,,TRUE,
jbeil-byblos,kfar-hitta,Kfar Hitta,Kfar Hitta,,,,,TRUE,
jbeil-byblos,kfar-kidda,Kfar Kidda,Kfar Kidda,,,,,TRUE,
jbeil-byblos,kfar-mashoun,Kfar Mashoun,Kfar Mashoun,,,,,TRUE,
jbeil-byblos,kfar-qaouass,Kfar Qaouass,Kfar Qaouass,,,,,TRUE,
jbeil-byblos,kfar-sal,Kfar Sal,Kfar Sal,,,,,TRUE,
jbeil-byblos,kfarbaal,Kfarbaal,Kfarbaal,,,,,TRUE,
jbeil-byblos,kfoun,Kfoun,Kfoun,,,,,TRUE,
jbeil-byblos,khaab,Khaab,Khaab,,,,,TRUE,
jbeil-byblos,kharbe,Kharbe,Kharbe,,,,,TRUE,
jbeil-byblos,kour-el-hooua,Kour El Hooua,Kour El Hooua,,,,,TRUE,
jbeil-byblos,laqlouq,Laqlouq,Laqlouq,,,,,TRUE,
jbeil-byblos,lassa,Lassa,Lassa,,,,,TRUE,
jbeil-byblos,lehfed,Lehfed,Lehfed,,,,,TRUE,
jbeil-byblos,maad,Maad,Maad,,,,,TRUE,
jbeil-byblos,maaisr,Maaisr,Maaisr,,,,,TRUE,
jbeil-byblos,maaysra,Maaysra,Maaysra,,,,,TRUE,
jbeil-byblos,mahmarat-bejje,Mahmarat Bejje,Mahmarat Bejje,,,,,TRUE,
jbeil-byblos,mahmerch,Mahmerch,Mahmerch,,,,,TRUE,
jbeil-byblos,maifouq,Maifouq,Maifouq,,,,,TRUE,
jbeil-byblos,majdel,Majdel,Majdel,,,,,TRUE,
jbeil-byblos,mar-meqna,Mar Meqna,Mar Meqna,,,,,TRUE,
jbeil-byblos,marbaa,Marbaa,Marbaa,,,,,TRUE,
jbeil-byblos,mazraat-es-siyad,Mazraat Es Siyad,Mazraat Es Siyad,,,,,TRUE,
jbeil-byblos,mazraat-ej-jmaiyel,Mazraat Ej Jmaiyel,Mazraat Ej Jmaiyel,,,,,TRUE,
jbeil-byblos,mdamit,Mdamit,Mdamit,,,,,TRUE,
jbeil-byblos,mechmech-jbeil,Mechmech Jbeil,Mechmech Jbeil,,,,,TRUE,
jbeil-byblos,mechane,Mechane,Mechane,,,,,TRUE,
jbeil-byblos,meghraq,Meghraq,Meghraq,,,,,TRUE,
jbeil-byblos,mestita,Mestita,Mestita,,,,,TRUE,
jbeil-byblos,mghaira,Mghaira,Mghaira,,,,,TRUE,
jbeil-byblos,mnaitra,Mnaitra,Mnaitra,,,,,TRUE,
jbeil-byblos,monsef,Monsef,Monsef,,,,,TRUE,
jbeil-byblos,mouftah-el-mir,Mouftah El Mir,Mouftah El Mir,,,,,TRUE,
jbeil-byblos,moukhada,Moukhada,Moukhada,,,,,TRUE,
jbeil-byblos,nabaa-tourzaiya,Nabaa Tourzaiya,Nabaa Tourzaiya,,,,,TRUE,
jbeil-byblos,nahrh-ibrahim,Nahrh Ibrahim,Nahrh Ibrahim,,,,,TRUE,
jbeil-byblos,ouata-el-bane,Ouata El Bane,Ouata El Bane,,,,,TRUE,
jbeil-byblos,qartaba,Qartaba,Qartaba,,,,,TRUE,
jbeil-byblos,qartaboun,Qartaboun,Qartaboun,,,,,TRUE,
jbeil-byblos,qass,Qass,Qass,,,,,TRUE,
jbeil-byblos,qattara,Qattara,Qattara,,,,,TRUE,
jbeil-byblos,qehmez,Qehmez,Qehmez,,,,,TRUE,
jbeil-byblos,qerqraiya,Qerqraiya,Qerqraiya,,,,,TRUE,
jbeil-byblos,qmayrze,Qmayrze,Qmayrze,,,,,TRUE,
jbeil-byblos,ramiet-el-hsoun,Ramiet El Hsoun,Ramiet El Hsoun,,,,,TRUE,
jbeil-byblos,ramout,Ramout,Ramout,,,,,TRUE,
jbeil-byblos,ras-osta,Ras Osta,Ras Osta,,,,,TRUE,
jbeil-byblos,rihani,Rihani,Rihani,,,,,TRUE,
jbeil-byblos,saqi-rechmaiya,Saqi Rechmaiya,Saqi Rechmaiya,,,,,TRUE,
jbeil-byblos,saqiet-el-khait,Saqiet El Khait,Saqiet El Khait,,,,,TRUE,
jbeil-byblos,sariita,Sariita,Sariita,,,,,TRUE,
jbeil-byblos,sebrine,Sebrine,Sebrine,,,,,TRUE,
jbeil-byblos,smar-jbail,Smar Jbail,Smar Jbail,,,,,TRUE,
jbeil-byblos,tafla,Tafla,Tafla,,,,,TRUE,
jbeil-byblos,talbita,Talbita,Talbita,,,,,TRUE,
jbeil-byblos,tartij,Tartij,Tartij,,,,,TRUE,
jbeil-byblos,tedmor,Tedmor,Tedmor,,,,,TRUE,
jbeil-byblos,terouil,Terouil,Terouil,,,,,TRUE,
jbeil-byblos,tourzaiya,Tourzaiya,Tourzaiya,,,,,TRUE,
jbeil-byblos,wadi-el-kalb,Wadi El Kalb,Wadi El Kalb,,,,,TRUE,
jbeil-byblos,yanouh,Yanouh,Yanouh,,,,,TRUE,
jbeil-byblos,zebdine,Zebdine,Zebdine,,,,,TRUE,
jbeil-byblos,zmar,Zmar,Zmar,,,,,TRUE,
jezzine,aaichiye,Aaichiye,Aaichiye,,,,,TRUE,
jezzine,aaqmata,Aaqmata,Aaqmata,,,,,TRUE,
jezzine,aaramta,Aaramta,Aaramta,,,,,TRUE,
jezzine,aariye,Aariye,Aariye,,,,,TRUE,
jezzine,aazour,Aazour,Aazour,,,,,TRUE,
jezzine,ain-majdalain,Ain Majdalain,Ain Majdalain,,,,,TRUE,
jezzine,anane,Anane,Anane,,,,,TRUE,
jezzine,azibeh,Azibeh,Azibeh,,,,,TRUE,
jezzine,baanoub,Baanoub,Baanoub,,,,,TRUE,
jezzine,baissour-jezzine,Baissour Jezzine,Baissour Jezzine,,,,,TRUE,
jezzine,bater,Bater,Bater,,,,,TRUE,
jezzine,benouati,Benouati,Benouati,,,,,TRUE,
jezzine,bisri,Bisri,Bisri,,,,,TRUE,
jezzine,bkassine,Bkassine,Bkassine,,,,,TRUE,
jezzine,bteddine-el-loqch,Bteddine El Loqch,Bteddine El Loqch,,,,,TRUE,
jezzine,chamkha,Chamkha,Chamkha,,,,,TRUE,
jezzine,chbeil,Chbeil,Chbeil,,,,,TRUE,
jezzine,choualiq,Choualiq,Choualiq,,,,,TRUE,
jezzine,dahr-ed-deir,Dahr Ed Deir,Dahr Ed Deir,,,,,TRUE,
jezzine,dahr-er-ramle,Dahr Er Ramle,Dahr Er Ramle,,,,,TRUE,
jezzine,darayia-jezzine,Darayia Jezzine,Darayia Jezzine,,,,,TRUE,
jezzine,deir-el-qattine,Deir El Qattine,Deir El Qattine,,,,,TRUE,
jezzine,deir-machmouche,Deir Machmouche,Deir Machmouche,,,,,TRUE,
jezzine,deir-moukhalles,Deir Moukhalles,Deir Moukhalles,,,,,TRUE,
jezzine,el-harf-jezzine,El Harf Jezzine,El Harf Jezzine,,,,,TRUE,
jezzine,el-mahmoudiye,El Mahmoudiye,El Mahmoudiye,,,,,TRUE,
jezzine,el-qabaa,El Qabaa,El Qabaa,,,,,TRUE,
jezzine,haidab,Haidab,Haidab,,,,,TRUE,
jezzine,haitoule,Haitoule,Haitoule,,,,,TRUE,
jezzine,haitoura,Haitoura,Haitoura,,,,,TRUE,
jezzine,harf,Harf,Harf,,,,,TRUE,
jezzine,hassaniye,Hassaniye,Hassaniye,,,,,TRUE,
jezzine,homsiye,Homsiye,Homsiye,,,,,TRUE,
jezzine,jabal-toura,Jabal Toura,Jabal Toura,,,,,TRUE,
jezzine,jall-nachi,Jall Nachi,Jall Nachi,,,,,TRUE,
jezzine,jarmaq,Jarmaq,Jarmaq,,,,,TRUE,
jezzine,jdaidet-el-ouadi,Jdaidet El Ouadi,Jdaidet El Ouadi,,,,,TRUE,
jezzine,jernaya,Jernaya,Jernaya,,,,,TRUE,
jezzine,karkha,Karkha,Karkha,,,,,TRUE,
jezzine,kfar-falous,Kfar Falous,Kfar Falous,,,,,TRUE,
jezzine,kfar-houne,Kfar Houne,Kfar Houne,,,,,TRUE,
jezzine,kfar-jarra,Kfar Jarra,Kfar Jarra,,,,,TRUE,
jezzine,kfar-taala,Kfar Taala,Kfar Taala,,,,,TRUE,
jezzine,khallet-khazen,Khallet Khazen,Khallet Khazen,,,,,TRUE,
jezzine,lebaa,Lebaa,Lebaa,,,,,TRUE,
jezzine,machmouche,Machmouche,Machmouche,,,,,TRUE,
jezzine,maknouniye,Maknouniye,Maknouniye,,,,,TRUE,
jezzine,mazraat-aarqoub,Mazraat Aarqoub,Mazraat Aarqoub,,,,,TRUE,
jezzine,mazraat-jabal-toura,Mazraat Jabal Toura,Mazraat Jabal Toura,,,,,TRUE,
jezzine,mazraat-tamra,Mazraat Tamra,Mazraat Tamra,,,,,TRUE,
jezzine,mazraat-aaraji,Mazraat Aaraji,Mazraat Aaraji,,,,,TRUE,
jezzine,mazraat-al-souairi,Mazraat Al Souairi,Mazraat Al Souairi,,,,,TRUE,
jezzine,mazraat-louzyde,Mazraat Louzyde,Mazraat Louzyde,,,,,TRUE,
jezzine,mazraat-el-khaoukh,Mazraat El Khaoukh,Mazraat El Khaoukh,,,,,TRUE,
jezzine,mharbiye,Mharbiye,Mharbiye,,,,,TRUE,
jezzine,midane,Midane,Midane,,,,,TRUE,
jezzine,mjaydel,Mjaydel,Mjaydel,,,,,TRUE,
jezzine,mlikh,Mlikh,Mlikh,,,,,TRUE,
jezzine,mrah-abdu-chedid,Mrah Abdu Chedid,Mrah Abdu Chedid,,,,,TRUE,
jezzine,mrah-el-hbas,Mrah El Hbas,Mrah El Hbas,,,,,TRUE,
jezzine,mzairaa,Mzairaa,Mzairaa,,,,,TRUE,
jezzine,nabaa,Nabaa,Nabaa,,,,,TRUE,
jezzine,nabi-sejoud,Nabi Sejoud,Nabi Sejoud,,,,,TRUE,
jezzine,ouadi-baanqoudine,Ouadi Baanqoudine,Ouadi Baanqoudine,,,,,TRUE,
jezzine,ouadi-el-leimoun,Ouadi El Leimoun,Ouadi El Leimoun,,,,,TRUE,
jezzine,qaitoule,Qaitoule,Qaitoule,,,,,TRUE,
jezzine,qotrani,Qotrani,Qotrani,,,,,TRUE,
jezzine,qrouh,Qrouh,Qrouh,,,,,TRUE,
jezzine,qtale-jezzine,Qtale Jezzine,Qtale Jezzine,,,,,TRUE,
jezzine,raimat,Raimat,Raimat,,,,,TRUE,
jezzine,rihane-jezzine,Rihane Jezzine,Rihane Jezzine,,,,,TRUE,
jezzine,roum,Roum,Roum,,,,,TRUE,
jezzine,roummane-jezzine,Roummane Jezzine,Roummane Jezzine,,,,,TRUE,
jezzine,rous-el-franj,Rous El Franj,Rous El Franj,,,,,TRUE,
jezzine,sabah,Sabah,Sabah,,,,,TRUE,
jezzine,salima,Salima,Salima,,,,,TRUE,
jezzine,sfarai,Sfarai,Sfarai,,,,,TRUE,
jezzine,sniye,Sniye,Sniye,,,,,TRUE,
jezzine,sriri,Sriri,Sriri,,,,,TRUE,
jezzine,taaid,Taaid,Taaid,,,,,TRUE,
jezzine,wadi-jezzine,Wadi Jezzine,Wadi Jezzine,,,,,TRUE,
jezzine,zaghrine-jezzine,Zaghrine Jezzine,Zaghrine Jezzine,,,,,TRUE,
jezzine,zhalta,Zhalta,Zhalta,,,,,TRUE,
keserwen,aabra-w-chouaneh,Aabra W Chouaneh,Aabra W Chouaneh,,,,,TRUE,
keserwen,aachqout,Aachqout,Aachqout,,,,,TRUE,
keserwen,aafs,Aafs,Aafs,,,,,TRUE,
keserwen,aafs-kesrwane,Aafs Kesrwane,Aafs Kesrwane,,,,,TRUE,
keserwen,aajaltoun,Aajaltoun,Aajaltoun,,,,,TRUE,
keserwen,aaramoun-kesrwane,Aaramoun Kesrwane,Aaramoun Kesrwane,,,,,TRUE,
keserwen,aayoun-es-simane,Aayoun Es Simane,Aayoun Es Simane,,,,,TRUE,
keserwen,adma,Adma,Adma,,,,,TRUE,
keserwen,adonis,Adonis,Adonis,,,,,TRUE,
keserwen,aghbe,Aghbe,Aghbe,,,,,TRUE,
keserwen,ain-ed-delbe,Ain Ed Delbe,Ain Ed Delbe,,,,,TRUE,
keserwen,ain-el-jorn,Ain El Jorn,Ain El Jorn,,,,,TRUE,
keserwen,ain-er-rihane,Ain Er Rihane,Ain Er Rihane,,,,,TRUE,
keserwen,ain-jouaiya,Ain Jouaiya,Ain Jouaiya,,,,,TRUE,
keserwen,aintoura,Aintoura,Aintoura,,,,,TRUE,
keserwen,ayn-es-safra,Ayn Es Safra,Ayn Es Safra,,,,,TRUE,
keserwen,bahhara,Bahhara,Bahhara,,,,,TRUE,
keserwen,balloune,Balloune,Balloune,,,,,TRUE,
keserwen,batha,Batha,Batha,,,,,TRUE,
keserwen,bayader-fatqa,Bayader Fatqa,Bayader Fatqa,,,,,TRUE,
keserwen,beqaata-en-nahr,Beqaata En Nahr,Beqaata En Nahr,,,,,TRUE,
keserwen,beqaatet-aachqout,Beqaatet Aachqout,Beqaatet Aachqout,,,,,TRUE,
keserwen,biqaatet-kannane,Biqaatet Kannane,Biqaatet Kannane,,,,,TRUE,
keserwen,bizhel,Bizhel,Bizhel,,,,,TRUE,
keserwen,bkirke,Bkirke,Bkirke,,,,,TRUE,
keserwen,blat-mazraat-kfar-dibiane,Blat Mazraat Kfar Dibiane,Blat Mazraat Kfar Dibiane,,,,,TRUE,
keserwen,bouar,Bouar,Bouar,,,,,TRUE,
keserwen,bqaatouta,Bqaatouta,Bqaatouta,,,,,TRUE,
keserwen,bqaq-ed-dine,Bqaq Ed Dine,Bqaq Ed Dine,,,,,TRUE,
keserwen,bzoummar,Bzoummar,Bzoummar,,,,,TRUE,
keserwen,casino,Casino,Casino,,,,,TRUE,
keserwen,chaab,Chaab,Chaab,,,,,TRUE,
keserwen,chahtoul,Chahtoul,Chahtoul,,,,,TRUE,
keserwen,chehhara,Chehhara,Chehhara,,,,,TRUE,
keserwen,chnanaair,Chnanaair,Chnanaair,,,,,TRUE,
keserwen,chouaya,Chouaya,Chouaya,,,,,TRUE,
keserwen,chouene,Chouene,Chouene,,,,,TRUE,
keserwen,christ-roi,Christ Roi,Christ Roi,,,,,TRUE,
keserwen,daasse,Daasse,Daasse,,,,,TRUE,
keserwen,dahr-badris,Dahr Badris,Dahr Badris,,,,,TRUE,
keserwen,dahr-el-qattine,Dahr El Qattine,Dahr El Qattine,,,,,TRUE,
keserwen,daraaoun,Daraaoun,Daraaoun,,,,,TRUE,
keserwen,darayia-kesrwane,Darayia Kesrwane,Darayia Kesrwane,,,,,TRUE,
keserwen,dayr-saydet-el-haqle,Dayr Saydet El Haqle,Dayr Saydet El Haqle,,,,,TRUE,
keserwen,deir-baklouche,Deir Baklouche,Deir Baklouche,,,,,TRUE,
keserwen,deir-hrach,Deir Hrach,Deir Hrach,,,,,TRUE,
keserwen,delbta,Delbta,Delbta,,,,,TRUE,
keserwen,deraali,Deraali,Deraali,,,,,TRUE,
keserwen,ed-dahr,Ed Dahr,Ed Dahr,,,,,TRUE,
keserwen,ed-dahr-ghbale,Ed Dahr Ghbale,Ed Dahr Ghbale,,,,,TRUE,
keserwen,edma-et-dafne,Edma Et Dafne,Edma Et Dafne,,,,,TRUE,
keserwen,el-aaqaybe-kesrouane,El Aaqaybe Kesrouane,El Aaqaybe Kesrouane,,,,,TRUE,
keserwen,el-aazra-et-el-aazr,El Aazra Et El Aazr,El Aazra Et El Aazr,,,,,TRUE,
keserwen,el-borj,El Borj,El Borj,,,,,TRUE,
keserwen,el-habach,El Habach,El Habach,,,,,TRUE,
keserwen,el-kharayeb-dlebta,El Kharayeb Dlebta,El Kharayeb Dlebta,,,,,TRUE,
keserwen,el-qarqouf,El Qarqouf,El Qarqouf,,,,,TRUE,
keserwen,et-tarouaa,Et Tarouaa,Et Tarouaa,,,,,TRUE,
keserwen,ez-zaaytriye,Ez Zaaytriye,Ez Zaaytriye,,,,,TRUE,
keserwen,faitroun,Faitroun,Faitroun,,,,,TRUE,
keserwen,faqra,Faqra,Faqra,,,,,TRUE,
keserwen,faraiya,Faraiya,Faraiya,,,,,TRUE,
keserwen,fatqa,Fatqa,Fatqa,,,,,TRUE,
keserwen,ftah-ech-chouha,Ftah Ech Chouha,Ftah Ech Chouha,,,,,TRUE,
keserwen,ftahate,Ftahate,Ftahate,,,,,TRUE,
keserwen,ghadir,Ghadir,Ghadir,,,,,TRUE,
keserwen,ghadir-jounieh,Ghadir Jounieh,Ghadir Jounieh,,,,,TRUE,
keserwen,ghadras,Ghadras,Ghadras,,,,,TRUE,
keserwen,ghazir,Ghazir,Ghazir,,,,,TRUE,
keserwen,ghbale,Ghbale,Ghbale,,,,,TRUE,
keserwen,ghine,Ghine,Ghine,,,,,TRUE,
keserwen,ghosta,Ghosta,Ghosta,,,,,TRUE,
keserwen,hakl-er-raiyess,Hakl Er Raiyess,Hakl Er Raiyess,,,,,TRUE,
keserwen,hamassiyat,Hamassiyat,Hamassiyat,,,,,TRUE,
keserwen,haret-sakher,Haret Sakher,Haret Sakher,,,,,TRUE,
keserwen,haret-el-mir,Haret El Mir,Haret El Mir,,,,,TRUE,
keserwen,hariqa,Hariqa,Hariqa,,,,,TRUE,
keserwen,hariqa-chahtoul,Hariqa Chahtoul,Hariqa Chahtoul,,,,,TRUE,
keserwen,harissa,Harissa,Harissa,,,,,TRUE,
keserwen,hayata,Hayata,Hayata,,,,,TRUE,
keserwen,hrajel,Hrajel,Hrajel,,,,,TRUE,
keserwen,hsayn,Hsayn,Hsayn,,,,,TRUE,
keserwen,jdaidet-ghazir,Jdaidet Ghazir,Jdaidet Ghazir,,,,,TRUE,
keserwen,jouar-el-baouechiq,Jouar El Baouechiq,Jouar El Baouechiq,,,,,TRUE,
keserwen,jounieh-kaslik,Jounieh Kaslik,Jounieh Kaslik,,,,,TRUE,
keserwen,jouret-bedrane,Jouret Bedrane,Jouret Bedrane,,,,,TRUE,
keserwen,jouret-ed-dardour,Jouret Ed Dardour,Jouret Ed Dardour,,,,,TRUE,
keserwen,jouret-el-hachich,Jouret El Hachich,Jouret El Hachich,,,,,TRUE,
keserwen,jouret-et-tormoss,Jouret Et Tormoss,Jouret Et Tormoss,,,,,TRUE,
keserwen,jouret-mghad,Jouret Mghad,Jouret Mghad,,,,,TRUE,
keserwen,kfar-aaqab,Kfar Aaqab,Kfar Aaqab,,,,,TRUE,
keserwen,kfar-hbab,Kfar Hbab,Kfar Hbab,,,,,TRUE,
keserwen,kfar-jrif,Kfar Jrif,Kfar Jrif,,,,,TRUE,
keserwen,kfardibiane,Kfardibiane,Kfardibiane,,,,,TRUE,
keserwen,kfartay,Kfartay,Kfartay,,,,,TRUE,
keserwen,kfaryassine,Kfaryassine,Kfaryassine,,,,,TRUE,
keserwen,kfour,Kfour,Kfour,,,,,TRUE,
keserwen,khalal,Khalal,Khalal,,,,,TRUE,
keserwen,klaiaat,Klaiaat,Klaiaat,,,,,TRUE,
keserwen,ksayer,Ksayer,Ksayer,,,,,TRUE,
keserwen,louaize,Louaize,Louaize,,,,,TRUE,
keserwen,maamelteine,Maamelteine,Maamelteine,,,,,TRUE,
keserwen,maarab,Maarab,Maarab,,,,,TRUE,
keserwen,mairouba,Mairouba,Mairouba,,,,,TRUE,
keserwen,mar-nouhra,Mar Nouhra,Mar Nouhra,,,,,TRUE,
keserwen,mar-shallita,Mar Shallita,Mar Shallita,,,,,TRUE,
keserwen,marj-baskinta,Marj Baskinta,Marj Baskinta,,,,,TRUE,
keserwen,mashhat,Mashhat,Mashhat,,,,,TRUE,
keserwen,mazraat-el-ras,Mazraat El Ras,Mazraat El Ras,,,,,TRUE,
keserwen,mazzarat-er-ras,Mazzarat Er Ras,Mazzarat Er Ras,,,,,TRUE,
keserwen,mchaa-el-ftouh,Mchaa El Ftouh,Mchaa El Ftouh,,,,,TRUE,
keserwen,mchati,Mchati,Mchati,,,,,TRUE,
keserwen,mehqane-el-mazloum,Mehqane El Mazloum,Mehqane El Mazloum,,,,,TRUE,
keserwen,mradiye,Mradiye,Mradiye,,,,,TRUE,
keserwen,mreijet-kesserwan,Mreijet Kesserwan,Mreijet Kesserwan,,,,,TRUE,
keserwen,mukaydes,Mukaydes,Mukaydes,,,,,TRUE,
keserwen,nabbout,Nabbout,Nabbout,,,,,TRUE,
keserwen,nahr-ed-dahab,Nahr Ed Dahab,Nahr Ed Dahab,,,,,TRUE,
keserwen,nahr-el-hussein,Nahr El Hussein,Nahr El Hussein,,,,,TRUE,
keserwen,nahr-el-kalb,Nahr El Kalb,Nahr El Kalb,,,,,TRUE,
keserwen,nmoura,Nmoura,Nmoura,,,,,TRUE,
keserwen,okaibe,Okaibe,Okaibe,,,,,TRUE,
keserwen,ouata-ej-jaouz,Ouata Ej Jaouz,Ouata Ej Jaouz,,,,,TRUE,
keserwen,ouata-nahr-el-kelb,Ouata Nahr El Kelb,Ouata Nahr El Kelb,,,,,TRUE,
keserwen,ouata-slam,Ouata Slam,Ouata Slam,,,,,TRUE,
keserwen,ouata-el-laouz,Ouata El Laouz,Ouata El Laouz,,,,,TRUE,
keserwen,qanat-bakich,Qanat Bakich,Qanat Bakich,,,,,TRUE,
keserwen,qarqara,Qarqara,Qarqara,,,,,TRUE,
keserwen,qarsa,Qarsa,Qarsa,,,,,TRUE,
keserwen,qattine,Qattine,Qattine,,,,,TRUE,
keserwen,raashine,Raashine,Raashine,,,,,TRUE,
keserwen,raifoun,Raifoun,Raifoun,,,,,TRUE,
keserwen,ramiet-kfaryasin,Ramiet Kfaryasin,Ramiet Kfaryasin,,,,,TRUE,
keserwen,rihane-kesrwane,Rihane Kesrwane,Rihane Kesrwane,,,,,TRUE,
keserwen,safra,Safra,Safra,,,,,TRUE,
keserwen,safra-kesrwane,Safra Kesrwane,Safra Kesrwane,,,,,TRUE,
keserwen,sahel-aalma,Sahel Aalma,Sahel Aalma,,,,,TRUE,
keserwen,saidet-bzoummar,Saidet Bzoummar,Saidet Bzoummar,,,,,TRUE,
keserwen,sarba,Sarba,Sarba,,,,,TRUE,
keserwen,shaile,Shaile,Shaile,,,,,TRUE,
keserwen,snoubar,Snoubar,Snoubar,,,,,TRUE,
keserwen,tabarja,Tabarja,Tabarja,,,,,TRUE,
keserwen,wata-tabriye,Wata Tabriye,Wata Tabriye,,,,,TRUE,
keserwen,yahchouch,Yahchouch,Yahchouch,,,,,TRUE,
keserwen,zaaitra,Zaaitra,Zaaitra,,,,,TRUE,
keserwen,zeitoun,Zeitoun,Zeitoun,,,,,TRUE,
keserwen,zleikat,Zleikat,Zleikat,,,,,TRUE,
keserwen,zouk-mkayel,Zouk Mkayel,Zouk Mkayel,,,,,TRUE,
keserwen,zouq-mkayel,Zouq Mkayel,Zouq Mkayel,,,,,TRUE,
koura,,
koura,
koura,amioun,Amioun,Amioun,,,,,TRUE,
koura,balaa,Balaa,Balaa,,,,,TRUE,
koura,balamand,Balamand,Balamand,,,,,TRUE,
koura,barsa,Barsa,Barsa,,,,,TRUE,
koura,batroumine,Batroumine,Batroumine,,,,,TRUE,
koura,bechmizzine,Bechmizzine,Bechmizzine,,,,,TRUE,
koura,bkeftine,Bkeftine,Bkeftine,,,,,TRUE,
koura,bsarma,Bsarma,Bsarma,,,,,TRUE,
koura,btouratij,Btouratij,Btouratij,,,,,TRUE,
koura,btourram,Btourram,Btourram,,,,,TRUE,
koura,dedde,Dedde,Dedde,,,,,TRUE,
koura,en-nakhle,En Nakhle,En Nakhle,,,,,TRUE,
koura,kafraiya,Kafraiya,Kafraiya,,,,,TRUE,
koura,kaftoun,Kaftoun,Kaftoun,,,,,TRUE,
koura,kalhat,Kalhat,Kalhat,,,,,TRUE,
marjeyoun,
marjeyoun,aadchit-ech-chqif,Aadchit Ech Chqif,Aadchit Ech Chqif,,,,,TRUE,
marjeyoun,aadchit-el-qoussair,Aadchit El Qoussair,Aadchit El Qoussair,,,,,TRUE,
marjeyoun,aalmane,Aalmane,Aalmane,,,,,TRUE,
marjeyoun,aamra,Aamra,Aamra,,,,,TRUE,
marjeyoun,aarnoun,Aarnoun,Aarnoun,,,,,TRUE,
marjeyoun,ain-aarab-marjaayoun,Ain Aarab Marjaayoun,Ain Aarab Marjaayoun,,,,,TRUE,
marjeyoun,baiyouda,Baiyouda,Baiyouda,,,,,TRUE,
marjeyoun,beni-haiyane,Beni Haiyane,Beni Haiyane,,,,,TRUE,
marjeyoun,blat-marjaayoun,Blat Marjaayoun,Blat Marjaayoun,,,,,TRUE,
marjeyoun,blida,Blida,Blida,,,,,TRUE,
marjeyoun,borj-el-mlouk,Borj El Mlouk,Borj El Mlouk,,,,,TRUE,
marjeyoun,deir-mimas,Deir Mimas,Deir Mimas,,,,,TRUE,
marjeyoun,deir-siriane,Deir Siriane,Deir Siriane,,,,,TRUE,
marjeyoun,el-hraifat,El Hraifat,El Hraifat,,,,,TRUE,
marjeyoun,hima-aarnoun,Hima Aarnoun,Hima Aarnoun,,,,,TRUE,
marjeyoun,houla,Houla,Houla,,,,,TRUE,
marjeyoun,ibl-es-saqi,Ibl Es Saqi,Ibl Es Saqi,,,,,TRUE,
marjeyoun,kfar-kila,Kfar Kila,Kfar Kila,,,,,TRUE,
marjeyoun,khiam,Khiam,Khiam,,,,,TRUE,
marjeyoun,khirbe,Khirbe,Khirbe,,,,,TRUE,
marjeyoun,majdel-silim,Majdel Silim,Majdel Silim,,,,,TRUE,
marjeyoun,marjaayoun,Marjaayoun,Marjaayoun,,,,,TRUE,
marjeyoun,markaba,Markaba,Markaba,,,,,TRUE,
marjeyoun,mazraat-doumiat,Mazraat Doumiat,Mazraat Doumiat,,,,,TRUE,
marjeyoun,meiss-ej-jabal,Meiss Ej Jabal,Meiss Ej Jabal,,,,,TRUE,
marjeyoun,ouazzani,Ouazzani,Ouazzani,,,,,TRUE,
marjeyoun,qabrikha,Qabrikha,Qabrikha,,,,,TRUE,
marjeyoun,qantara,Qantara,Qantara,,,,,TRUE,
marjeyoun,qlaiaa,Qlaiaa,Qlaiaa,,,,,TRUE,
marjeyoun,qsair,Qsair,Qsair,,,,,TRUE,
marjeyoun,rabb-et-talatine,Rabb Et Talatine,Rabb Et Talatine,,,,,TRUE,
marjeyoun,sarda,Sarda,Sarda,,,,,TRUE,
marjeyoun,souane-marjaayoun,Souane Marjaayoun,Souane Marjaayoun,,,,,TRUE,
marjeyoun,taibe-marjaayoun,Taibe Marjaayoun,Taibe Marjaayoun,,,,,TRUE,
marjeyoun,taire,Taire,Taire,,,,,TRUE,
marjeyoun,tallouse,Tallouse,Tallouse,,,,,TRUE,
marjeyoun,touline,Touline,Touline,,,,,TRUE,
matn,aairoun,Aairoun,Aairoun,,,,,TRUE,
matn,aatchane,Aatchane,Aatchane,,,,,TRUE,
matn,abou-mizane,Abou Mizane,Abou Mizane,,,,,TRUE,
matn,ain-aalaq,Ain Aalaq,Ain Aalaq,,,,,TRUE,
matn,ain-aar,Ain Aar,Ain Aar,,,,,TRUE,
matn,ain-el-kharroube,Ain El Kharroube,Ain El Kharroube,,,,,TRUE,
matn,ain-el-qabou,Ain El Qabou,Ain El Qabou,,,,,TRUE,
matn,ain-er-rihane-el-meten,Ain Er Rihane El Meten,Ain Er Rihane El Meten,,,,,TRUE,
matn,ain-es-safsaf-el-meten,Ain Es Safsaf El Meten,Ain Es Safsaf El Meten,,,,,TRUE,
matn,ain-najm,Ain Najm,Ain Najm,,,,,TRUE,
matn,ain-saade,Ain Saade,Ain Saade,,,,,TRUE,
matn,ain-zaitoune,Ain Zaitoune,Ain Zaitoune,,,,,TRUE,
matn,ain-el-qassis,Ain El Qassis,Ain El Qassis,,,,,TRUE,
matn,ain-el-kach,Ain El Kach,Ain El Kach,,,,,TRUE,
matn,ain-es-safsaf,Ain Es Safsaf,Ain Es Safsaf,,,,,TRUE,
matn,aintoura-el-meten,Aintoura El Meten,Aintoura El Meten,,,,,TRUE,
matn,aiyoun,Aiyoun,Aiyoun,,,,,TRUE,
matn,al-faour,Al Faour,Al Faour,,,,,TRUE,
matn,antelias,Antelias,Antelias,,,,,TRUE,
matn,awkar,Awkar,Awkar,,,,,TRUE,
matn,baabdat,Baabdat,Baabdat,,,,,TRUE,
matn,baaqrif,Baaqrif,Baaqrif,,,,,TRUE,
matn,balouaa,Balouaa,Balouaa,,,,,TRUE,
matn,baouchriye,Baouchriye,Baouchriye,,,,,TRUE,
matn,baskinta,Baskinta,Baskinta,,,,,TRUE,
matn,bchellama,Bchellama,Bchellama,,,,,TRUE,
matn,beit-chebab,Beit Chebab,Beit Chebab,,,,,TRUE,
matn,beit-el-chaar,Beit El Chaar,Beit El Chaar,,,,,TRUE,
matn,beit-el-koukko,Beit El Koukko,Beit El Koukko,,,,,TRUE,
matn,beit-meri,Beit Meri,Beit Meri,,,,,TRUE,
matn,bhannes,Bhannes,Bhannes,,,,,TRUE,
matn,bhersaf,Bhersaf,Bhersaf,,,,,TRUE,
matn,biaqout,Biaqout,Biaqout,,,,,TRUE,
matn,bikfayia,Bikfayia,Bikfayia,,,,,TRUE,
matn,bnabil,Bnabil,Bnabil,,,,,TRUE,
matn,borj-hammoud,Borj Hammoud,Borj Hammoud,,,,,TRUE,
matn,bqennaya,Bqennaya,Bqennaya,,,,,TRUE,
matn,broumana,Broumana,Broumana,,,,,TRUE,
matn,bsalim,Bsalim,Bsalim,,,,,TRUE,
matn,bsatine-ain-saade,Bsatine Ain Saade,Bsatine Ain Saade,,,,,TRUE,
matn,bsifrine,Bsifrine,Bsifrine,,,,,TRUE,
matn,btaaline,Btaaline,Btaaline,,,,,TRUE,
matn,bteghrine,Bteghrine,Bteghrine,,,,,TRUE,
matn,chbouq,Chbouq,Chbouq,,,,,TRUE,
matn,cherin,Cherin,Cherin,,,,,TRUE,
matn,chmis-antelias,Chmis Antelias,Chmis Antelias,,,,,TRUE,
matn,chouaia,Chouaia,Chouaia,,,,,TRUE,
matn,chouaiya,Chouaiya,Chouaiya,,,,,TRUE,
matn,choueir,Choueir,Choueir,,,,,TRUE,
matn,dahr-broummana,Dahr Broummana,Dahr Broummana,,,,,TRUE,
matn,dahr-es-souane-meten,Dahr Es Souane Meten,Dahr Es Souane Meten,,,,,TRUE,
matn,dahr-el-bacheq,Dahr El Bacheq,Dahr El Bacheq,,,,,TRUE,
matn,dahr-el-hossein,Dahr El Hossein,Dahr El Hossein,,,,,TRUE,
matn,dahr-es-souane,Dahr Es Souane,Dahr Es Souane,,,,,TRUE,
matn,daychouniye,Daychouniye,Daychouniye,,,,,TRUE,
matn,dbayeh,Dbayeh,Dbayeh,,,,,TRUE,
matn,deir-chamra,Deir Chamra,Deir Chamra,,,,,TRUE,
matn,deir-ma-yohanna-el-khenchara,Deir Ma Yohanna El Khenchara,Deir Ma Yohanna El Khenchara,,,,,TRUE,
matn,deir-mar-chaaya,Deir Mar Chaaya,Deir Mar Chaaya,,,,,TRUE,
matn,deir-mar-elias,Deir Mar Elias,Deir Mar Elias,,,,,TRUE,
matn,deir-mar-simaane,Deir Mar Simaane,Deir Mar Simaane,,,,,TRUE,
matn,deir-mar-youhanna,Deir Mar Youhanna,Deir Mar Youhanna,,,,,TRUE,
matn,deir-tamich,Deir Tamich,Deir Tamich,,,,,TRUE,
matn,deir-el-qalaa,Deir El Qalaa,Deir El Qalaa,,,,,TRUE,
matn,deir-es-salib,Deir Es Salib,Deir Es Salib,,,,,TRUE,
matn,dekouane,Dekouane,Dekouane,,,,,TRUE,
matn,delb,Delb,Delb,,,,,TRUE,
matn,dhour-ech-choueir,Dhour Ech Choueir,Dhour Ech Choueir,,,,,TRUE,
matn,dik-el-mehdi,Dik El Mehdi,Dik El Mehdi,,,,,TRUE,
matn,dlaibe,Dlaibe,Dlaibe,,,,,TRUE,
matn,douar,Douar,Douar,,,,,TRUE,
matn,ein-al-ghabeh,Ein Al Ghabeh,Ein Al Ghabeh,,,,,TRUE,
matn,el-braij-qornet-chahouane,El Braij Qornet Chahouane,El Braij Qornet Chahouane,,,,,TRUE,
matn,el-loueize,El Loueize,El Loueize,,,,,TRUE,
matn,el-maadan,El Maadan,El Maadan,,,,,TRUE,
matn,el-machrah,El Machrah,El Machrah,,,,,TRUE,
matn,el-qalaa,El Qalaa,El Qalaa,,,,,TRUE,
matn,en-naas,En Naas,En Naas,,,,,TRUE,
matn,en-nabaa,En Nabaa,En Nabaa,,,,,TRUE,
matn,er-rouaisse,Er Rouaisse,Er Rouaisse,,,,,TRUE,
matn,es-sraij,Es Sraij,Es Sraij,,,,,TRUE,
matn,fanar,Fanar,Fanar,,,,,TRUE,
matn,faouar,Faouar,Faouar,,,,,TRUE,
matn,faouar-el-meten,Faouar El Meten,Faouar El Meten,,,,,TRUE,
matn,fraike,Fraike,Fraike,,,,,TRUE,
matn,ghabe,Ghabe,Ghabe,,,,,TRUE,
matn,ghabet-bolonia,Ghabet Bolonia,Ghabet Bolonia,,,,,TRUE,
matn,hamlaya,Hamlaya,Hamlaya,,,,,TRUE,
matn,haret-el-bellane,Haret El Bellane,Haret El Bellane,,,,,TRUE,
matn,hasbaiya-el-metn,Hasbaiya El Metn,Hasbaiya El Metn,,,,,TRUE,
matn,hbous,Hbous,Hbous,,,,,TRUE,
matn,jall-ed-dib,Jall Ed Dib,Jall Ed Dib,,,,,TRUE,
matn,jdaide-el-meten,Jdaide El Meten,Jdaide El Meten,,,,,TRUE,
matn,jdeide,Jdeide,Jdeide,,,,,TRUE,
matn,jouar,Jouar,Jouar,,,,,TRUE,
matn,jouret-el-ballout,Jouret El Ballout,Jouret El Ballout,,,,,TRUE,
matn,kafarakab,Kafarakab,Kafarakab,,,,,TRUE,
matn,kafra-el-meten,Kafra El Meten,Kafra El Meten,,,,,TRUE,
matn,khalle,Khalle,Khalle,,,,,TRUE,
matn,khenchara,Khenchara,Khenchara,,,,,TRUE,
matn,khirbit-el-aadass,Khirbit El Aadass,Khirbit El Aadass,,,,,TRUE,
matn,machraa,Machraa,Machraa,,,,,TRUE,
matn,majdel-tarchich,Majdel Tarchich,Majdel Tarchich,,,,,TRUE,
matn,majzoub,Majzoub,Majzoub,,,,,TRUE,
matn,mamboukh,Mamboukh,Mamboukh,,,,,TRUE,
matn,mansouriye,Mansouriye,Mansouriye,,,,,TRUE,
matn,mar-aabda-el-mshammar,Mar Aabda El Mshammar,Mar Aabda El Mshammar,,,,,TRUE,
matn,mar-boutrous-karm-el-tine,Mar Boutrous Karm El Tine,Mar Boutrous Karm El Tine,,,,,TRUE,
matn,mar-mkhayel-bnabil,Mar Mkhayel Bnabil,Mar Mkhayel Bnabil,,,,,TRUE,
matn,mar-mousa-ed-daouar,Mar Mousa Ed Daouar,Mar Mousa Ed Daouar,,,,,TRUE,
matn,mar-roukoz,Mar Roukoz,Mar Roukoz,,,,,TRUE,
matn,marjaba,Marjaba,Marjaba,,,,,TRUE,
matn,mayasse,Mayasse,Mayasse,,,,,TRUE,
matn,mazraat-beit-ech-chaar,Mazraat Beit Ech Chaar,Mazraat Beit Ech Chaar,,,,,TRUE,
matn,mazraat-deir-aaoukar,Mazraat Deir Aaoukar,Mazraat Deir Aaoukar,,,,,TRUE,
matn,mazraat-el-hdaira,Mazraat El Hdaira,Mazraat El Hdaira,,,,,TRUE,
matn,mazraat-yachoua,Mazraat Yachoua,Mazraat Yachoua,,,,,TRUE,
matn,mchaymcheh,Mchaymcheh,Mchaymcheh,,,,,TRUE,
matn,mcheikha,Mcheikha,Mcheikha,,,,,TRUE,
matn,mezher,Mezher,Mezher,,,,,TRUE,
matn,mhaidse,Mhaidse,Mhaidse,,,,,TRUE,
matn,mhaydse,Mhaydse,Mhaydse,,,,,TRUE,
matn,mkalless,Mkalless,Mkalless,,,,,TRUE,
matn,montiverdi,Montiverdi,Montiverdi,,,,,TRUE,
matn,mountazah,Mountazah,Mountazah,,,,,TRUE,
matn,mrah-ghanem,Mrah Ghanem,Mrah Ghanem,,,,,TRUE,
matn,mrouj,Mrouj,Mrouj,,,,,TRUE,
matn,mtaileb,Mtaileb,Mtaileb,,,,,TRUE,
matn,mtein,Mtein,Mtein,,,,,TRUE,
matn,nabay,Nabay,Nabay,,,,,TRUE,
matn,nahr-el-mout,Nahr El Mout,Nahr El Mout,,,,,TRUE,
matn,naqqach,Naqqach,Naqqach,,,,,TRUE,
matn,ouadi-chahine,Ouadi Chahine,Ouadi Chahine,,,,,TRUE,
matn,ouadi-el-amine,Ouadi El Amine,Ouadi El Amine,,,,,TRUE,
matn,ouadi-ed-delb,Ouadi Ed Delb,Ouadi Ed Delb,,,,,TRUE,
matn,ouata-el-mrouj,Ouata El Mrouj,Ouata El Mrouj,,,,,TRUE,
matn,qaaqour,Qaaqour,Qaaqour,,,,,TRUE,
matn,qalaa,Qalaa,Qalaa,,,,,TRUE,
matn,qennabet-broummana,Qennabet Broummana,Qennabet Broummana,,,,,TRUE,
matn,qennabet-salima,Qennabet Salima,Qennabet Salima,,,,,TRUE,
matn,qornet-chahouane,Qornet Chahouane,Qornet Chahouane,,,,,TRUE,
matn,qornet-el-hamra,Qornet El Hamra,Qornet El Hamra,,,,,TRUE,
matn,qottara-aintouret,Qottara Aintouret,Qottara Aintouret,,,,,TRUE,
matn,quadi-el-karm,Quadi El Karm,Quadi El Karm,,,,,TRUE,
matn,rabieh,Rabieh,Rabieh,,,,,TRUE,
matn,raboue,Raboue,Raboue,,,,,TRUE,
matn,rachidiye,Rachidiye,Rachidiye,,,,,TRUE,
matn,ramie,Ramie,Ramie,,,,,TRUE,
matn,ras-el-metn,Ras El Metn,Ras El Metn,,,,,TRUE,
matn,roumie,Roumie,Roumie,,,,,TRUE,
matn,roumieh,Roumieh,Roumieh,,,,,TRUE,
matn,sabtiye,Sabtiye,Sabtiye,,,,,TRUE,
matn,sad-el-baouchriye,Sad El Baouchriye,Sad El Baouchriye,,,,,TRUE,
matn,sannine,Sannine,Sannine,,,,,TRUE,
matn,saqeit-el-misk,Saqeit El Misk,Saqeit El Misk,,,,,TRUE,
matn,sijn-ej-jdid,Sijn Ej Jdid,Sijn Ej Jdid,,,,,TRUE,
matn,tall-ez-zaatar,Tall Ez Zaatar,Tall Ez Zaatar,,,,,TRUE,
matn,tarchich,Tarchich,Tarchich,,,,,TRUE,
matn,wadi-karm,Wadi Karm,Wadi Karm,,,,,TRUE,
matn,wata-amaret-chalhoub,Wata Amaret Chalhoub,Wata Amaret Chalhoub,,,,,TRUE,
matn,zaarour,Zaarour,Zaarour,,,,,TRUE,
matn,zabbougha,Zabbougha,Zabbougha,,,,,TRUE,
matn,zaghrine-el-meten,Zaghrine El Meten,Zaghrine El Meten,,,,,TRUE,
matn,zahriye-el-meten,Zahriye El Meten,Zahriye El Meten,,,,,TRUE,
matn,zalqa,Zalqa,Zalqa,,,,,TRUE,
matn,zaraaoun,Zaraaoun,Zaraaoun,,,,,TRUE,
matn,zikrit,Zikrit,Zikrit,,,,,TRUE,
matn,zouk-el-kharab,Zouk El Kharab,Zouk El Kharab,,,,,TRUE,
matn,sfaileh-bikfaya,Sfaileh Bikfaya,Sfaileh Bikfaya,,,,,TRUE,
miniye-denniye,aadoui,Aadoui,Aadoui,,,,,TRUE,
miniye-denniye,aarqoub,Aarqoub,Aarqoub,,,,,TRUE,
miniye-denniye,aassaimout,Aassaimout,Aassaimout,,,,,TRUE,
miniye-denniye,aassoun,Aassoun,Aassoun,,,,,TRUE,
miniye-denniye,afqa-el-minieh,Afqa El Minieh,Afqa El Minieh,,,,,TRUE,
miniye-denniye,ain-et-tine,Ain Et Tine,Ain Et Tine,,,,,TRUE,
miniye-denniye,amar,Amar,Amar,,,,,TRUE,
miniye-denniye,baazqoun,Baazqoun,Baazqoun,,,,,TRUE,
miniye-denniye,bakhaoun,Bakhaoun,Bakhaoun,,,,,TRUE,
miniye-denniye,bchernata,Bchernata,Bchernata,,,,,TRUE,
miniye-denniye,behouaita,Behouaita,Behouaita,,,,,TRUE,
miniye-denniye,beit-daoud,Beit Daoud,Beit Daoud,,,,,TRUE,
miniye-denniye,beit-daoud-izal,Beit Daoud Izal,Beit Daoud Izal,,,,,TRUE,
miniye-denniye,beit-el-faqs,Beit El Faqs,Beit El Faqs,,,,,TRUE,
miniye-denniye,beit-hassan,Beit Hassan,Beit Hassan,,,,,TRUE,
miniye-denniye,beit-zoud,Beit Zoud,Beit Zoud,,,,,TRUE,
miniye-denniye,beit-jida,Beit Jida,Beit Jida,,,,,TRUE,
miniye-denniye,bhannine-el-minieh,Bhannine El Minieh,Bhannine El Minieh,,,,,TRUE,
miniye-denniye,bqaa-safrin,Bqaa Safrin,Bqaa Safrin,,,,,TRUE,
miniye-denniye,bqarsouna,Bqarsouna,Bqarsouna,,,,,TRUE,
miniye-denniye,btahline,Btahline,Btahline,,,,,TRUE,
miniye-denniye,btermaz,Btermaz,Btermaz,,,,,TRUE,
miniye-denniye,chmis,Chmis,Chmis,,,,,TRUE,
miniye-denniye,debaal-el-minieh,Debaal El Minieh,Debaal El Minieh,,,,,TRUE,
miniye-denniye,deir-amar,Deir Amar,Deir Amar,,,,,TRUE,
miniye-denniye,deir-nbouh,Deir Nbouh,Deir Nbouh,,,,,TRUE,
miniye-denniye,draira,Draira,Draira,,,,,TRUE,
miniye-denniye,el-beddaoui,El Beddaoui,El Beddaoui,,,,,TRUE,
miniye-denniye,el-kharnoub,El Kharnoub,El Kharnoub,,,,,TRUE,
miniye-denniye,en-nabi-kzaiber,En Nabi Kzaiber,En Nabi Kzaiber,,,,,TRUE,
miniye-denniye,haql-el-aazime,Haql El Aazime,Haql El Aazime,,,,,TRUE,
miniye-denniye,harf-es-siyad,Harf Es Siyad,Harf Es Siyad,,,,,TRUE,
miniye-denniye,izal,Izal,Izal,,,,,TRUE,
miniye-denniye,jairoun,Jairoun,Jairoun,,,,,TRUE,
miniye-denniye,jarjour,Jarjour,Jarjour,,,,,TRUE,
miniye-denniye,kahf-el-malloul,Kahf El Malloul,Kahf El Malloul,,,,,TRUE,
miniye-denniye,karm-el-mohr,Karm El Mohr,Karm El Mohr,,,,,TRUE,
miniye-denniye,karm-el-akhras,Karm El Akhras,Karm El Akhras,,,,,TRUE,
miniye-denniye,kfar-bebnine,Kfar Bebnine,Kfar Bebnine,,,,,TRUE,
miniye-denniye,kfar-chillane,Kfar Chillane,Kfar Chillane,,,,,TRUE,
miniye-denniye,kfar-habou,Kfar Habou,Kfar Habou,,,,,TRUE,
miniye-denniye,kharnoub,Kharnoub,Kharnoub,,,,,TRUE,
miniye-denniye,mazraat-ketrane,Mazraat Ketrane,Mazraat Ketrane,,,,,TRUE,
miniye-denniye,mrah-es-sfire,Mrah Es Sfire,Mrah Es Sfire,,,,,TRUE,
miniye-denniye,mrah-es-sreij,Mrah Es Sreij,Mrah Es Sreij,,,,,TRUE,
miniye-denniye,nemrine,Nemrine,Nemrine,,,,,TRUE,
miniye-denniye,oyoun-el-samak,Oyoun El Samak,Oyoun El Samak,,,,,TRUE,
miniye-denniye,qarhaiya,Qarhaiya,Qarhaiya,,,,,TRUE,
miniye-denniye,qarsita,Qarsita,Qarsita,,,,,TRUE,
miniye-denniye,qattine-el-minieh,Qattine El Minieh,Qattine El Minieh,,,,,TRUE,
miniye-denniye,qraine,Qraine,Qraine,,,,,TRUE,
miniye-denniye,qrayn,Qrayn,Qrayn,,,,,TRUE,
miniye-denniye,raouda,Raouda,Raouda,,,,,TRUE,
miniye-denniye,sfire,Sfire,Sfire,,,,,TRUE,
miniye-denniye,sir-ed-danniye,Sir Ed Danniye,Sir Ed Danniye,,,,,TRUE,
miniye-denniye,tarane,Tarane,Tarane,,,,,TRUE,
miniye-denniye,terbol-el-minieh,Terbol El Minieh,Terbol El Minieh,,,,,TRUE,
miniye-denniye,wadi-en-njass,Wadi En Njass,Wadi En Njass,,,,,TRUE,
miniye-denniye,zghartighrine,Zghartighrine,Zghartighrine,,,,,TRUE,
miniye-denniye,zouq-bhannine,Zouq Bhannine,Zouq Bhannine,,,,,TRUE,
nabatiyeh,aabba,Aabba,Aabba,,,,,TRUE,
nabatiyeh,ain-bouswar,Ain Bouswar,Ain Bouswar,,,,,TRUE,
nabatiyeh,ain-qana,Ain Qana,Ain Qana,,,,,TRUE,
nabatiyeh,arab-salim,Arab Salim,Arab Salim,,,,,TRUE,
nabatiyeh,braiqaa,Braiqaa,Braiqaa,,,,,TRUE,
nabatiyeh,choukine,Choukine,Choukine,,,,,TRUE,
nabatiyeh,deir-ez-zahrani,Deir Ez Zahrani,Deir Ez Zahrani,,,,,TRUE,
nabatiyeh,dibbine,Dibbine,Dibbine,,,,,TRUE,
nabatiyeh,doueir-el-nabatieh,Doueir El Nabatieh,Doueir El Nabatieh,,,,,TRUE,
nabatiyeh,el-bayad,El Bayad,El Bayad,,,,,TRUE,
nabatiyeh,el-midane,El Midane,El Midane,,,,,TRUE,
nabatiyeh,ez-zahrani,Ez Zahrani,Ez Zahrani,,,,,TRUE,
nabatiyeh,fradis,Fradis,Fradis,,,,,TRUE,
nabatiyeh,habbouch,Habbouch,Habbouch,,,,,TRUE,
nabatiyeh,halta,Halta,Halta,,,,,TRUE,
nabatiyeh,harouf,Harouf,Harouf,,,,,TRUE,
nabatiyeh,hmaile,Hmaile,Hmaile,,,,,TRUE,
nabatiyeh,houmine-el-faouqa,Houmine El Faouqa,Houmine El Faouqa,,,,,TRUE,
nabatiyeh,houmine-et-tahta,Houmine Et Tahta,Houmine Et Tahta,,,,,TRUE,
nabatiyeh,insar,Insar,Insar,,,,,TRUE,
nabatiyeh,jaouhariye,Jaouhariye,Jaouhariye,,,,,TRUE,
nabatiyeh,jarjouaa,Jarjouaa,Jarjouaa,,,,,TRUE,
nabatiyeh,jbaa-el-nabatieh,Jbaa El Nabatieh,Jbaa El Nabatieh,,,,,TRUE,
nabatiyeh,jibchit,Jibchit,Jibchit,,,,,TRUE,
nabatiyeh,kaoukaba,Kaoukaba,Kaoukaba,,,,,TRUE,
nabatiyeh,kfar-dajjal,Kfar Dajjal,Kfar Dajjal,,,,,TRUE,
nabatiyeh,kfar-fila,Kfar Fila,Kfar Fila,,,,,TRUE,
nabatiyeh,kfar-roummane,Kfar Roummane,Kfar Roummane,,,,,TRUE,
nabatiyeh,kfar-sir,Kfar Sir,Kfar Sir,,,,,TRUE,
nabatiyeh,kfar-tebnit,Kfar Tebnit,Kfar Tebnit,,,,,TRUE,
nabatiyeh,kfaroue,Kfaroue,Kfaroue,,,,,TRUE,
nabatiyeh,kfour-el-nabatieh,Kfour El Nabatieh,Kfour El Nabatieh,,,,,TRUE,
nabatiyeh,khalouat,Khalouat,Khalouat,,,,,TRUE,
nabatiyeh,maifadoun,Maifadoun,Maifadoun,,,,,TRUE,
nabatiyeh,manzleh,Manzleh,Manzleh,,,,,TRUE,
nabatiyeh,marj-el-zhour-dnaibeh,Marj El Zhour (dnaibeh),Marj El Zhour (dnaibeh),,,,,TRUE,
nabatiyeh,mazraat-chelbael,Mazraat Chelbael,Mazraat Chelbael,,,,,TRUE,
nabatiyeh,mazraat-dmoul,Mazraat Dmoul,Mazraat Dmoul,,,,,TRUE,
nabatiyeh,mazraat-kfar-ej-jouz,Mazraat Kfar Ej Jouz,Mazraat Kfar Ej Jouz,,,,,TRUE,
nabatiyeh,mazraat-qalaat-meis,Mazraat Qalaat Meis,Mazraat Qalaat Meis,,,,,TRUE,
nabatiyeh,mazraat-el-baiyad,Mazraat El Baiyad,Mazraat El Baiyad,,,,,TRUE,
nabatiyeh,mazraat-el-khraibe,Mazraat El Khraibe,Mazraat El Khraibe,,,,,TRUE,
nabatiyeh,nabatiye-el-faouqa,Nabatiye El Faouqa,Nabatiye El Faouqa,,,,,TRUE,
nabatiyeh,nabatiye-el-tahta,Nabatiye El Tahta,Nabatiye El Tahta,,,,,TRUE,
nabatiyeh,nmairiye,Nmairiye,Nmairiye,,,,,TRUE,
nabatiyeh,qaaqaait-ej-jisr,Qaaqaait Ej Jisr,Qaaqaait Ej Jisr,,,,,TRUE,
nabatiyeh,qsaibe-el-nabatieh,Qsaibe El Nabatieh,Qsaibe El Nabatieh,,,,,TRUE,
nabatiyeh,roumine,Roumine,Roumine,,,,,TRUE,
nabatiyeh,sarba-el-nabatieh,Sarba El Nabatieh,Sarba El Nabatieh,,,,,TRUE,
nabatiyeh,sir-el-gharbiye,Sir El Gharbiye,Sir El Gharbiye,,,,,TRUE,
nabatiyeh,toul,Toul,Toul,,,,,TRUE,
nabatiyeh,yohmor-el-cheick,Yohmor El Cheick,Yohmor El Cheick,,,,,TRUE,
nabatiyeh,zaoutar-ech-charqiye,Zaoutar Ech Charqiye,Zaoutar Ech Charqiye,,,,,TRUE,
nabatiyeh,zaoutar-el-gharbiye,Zaoutar El Gharbiye,Zaoutar El Gharbiye,,,,,TRUE,
nabatiyeh,zebdine-el-nabatieh,Zebdine El Nabatieh,Zebdine El Nabatieh,,,,,TRUE,
nabatiyeh,zefta,Zefta,Zefta,,,,,TRUE,
rashaya,aaiha,Aaiha,Aaiha,,,,,TRUE,
rashaya,aaqabe,Aaqabe,Aaqabe,,,,,TRUE,
rashaya,aaqbe,Aaqbe,Aaqbe,,,,,TRUE,
rashaya,ain-aarab,Ain Aarab,Ain Aarab,,,,,TRUE,
rashaya,ain-aata,Ain Aata,Ain Aata,,,,,TRUE,
rashaya,ain-hircha,Ain Hircha,Ain Hircha,,,,,TRUE,
rashaya,aita-el-foukhar,Aita El Foukhar,Aita El Foukhar,,,,,TRUE,
rashaya,bakkifa,Bakkifa,Bakkifa,,,,,TRUE,
rashaya,bayader-el-aadas,Bayader El Aadas,Bayader El Aadas,,,,,TRUE,
rashaya,beit-lahia,Beit Lahia,Beit Lahia,,,,,TRUE,
rashaya,bire-rachaya,Bire Rachaya,Bire Rachaya,,,,,TRUE,
rashaya,bkifa,Bkifa,Bkifa,,,,,TRUE,
rashaya,dahr-el-ahmar,Dahr El Ahmar,Dahr El Ahmar,,,,,TRUE,
rashaya,deir-el-aachayer,Deir El Aachayer,Deir El Aachayer,,,,,TRUE,
rashaya,el-faqaa,El Faqaa,El Faqaa,,,,,TRUE,
rashaya,el-manara,El Manara,El Manara,,,,,TRUE,
rashaya,en-nabi-safa,En Nabi Safa,En Nabi Safa,,,,,TRUE,
rashaya,er-rafid,Er Rafid,Er Rafid,,,,,TRUE,
rashaya,haloua,Haloua,Haloua,,,,,TRUE,
rashaya,haouch-el-qinnabeh,Haouch El Qinnabeh,Haouch El Qinnabeh,,,,,TRUE,
rashaya,haql-hassan,Haql Hassan,Haql Hassan,,,,,TRUE,
rashaya,kfar-danis,Kfar Danis,Kfar Danis,,,,,TRUE,
rashaya,kfar-mechki,Kfar Mechki,Kfar Mechki,,,,,TRUE,
rashaya,kfar-qouq,Kfar Qouq,Kfar Qouq,,,,,TRUE,
rashaya,kfeir,Kfeir,Kfeir,,,,,TRUE,
rashaya,khirbet-rouha,Khirbet Rouha,Khirbet Rouha,,,,,TRUE,
rashaya,majdal-balhis,Majdal Balhis,Majdal Balhis,,,,,TRUE,
rashaya,marj-es-simah,Marj Es Simah,Marj Es Simah,,,,,TRUE,
rashaya,mazraat-deir-el-aachaiyer,Mazraat Deir El Aachaiyer,Mazraat Deir El Aachaiyer,,,,,TRUE,
rashaya,mazraat-jaafar,Mazraat Jaafar,Mazraat Jaafar,,,,,TRUE,
rashaya,mdoukha,Mdoukha,Mdoukha,,,,,TRUE,
rashaya,mrah-el-gharbi,Mrah El Gharbi,Mrah El Gharbi,,,,,TRUE,
rashaya,qnaabe,Qnaabe,Qnaabe,,,,,TRUE,
rashaya,rachaiya,Rachaiya,Rachaiya,,,,,TRUE,
rashaya,tannoura,Tannoura,Tannoura,,,,,TRUE,
rashaya,yanta,Yanta,Yanta,,,,,TRUE,
sidon,aabra,Aabra,Aabra,,,,,TRUE,
sidon,aadloun,Aadloun,Aadloun,,,,,TRUE,
sidon,aanqoun,Aanqoun,Aanqoun,,,,,TRUE,
sidon,aaqbiye,Aaqbiye,Aaqbiye,,,,,TRUE,
sidon,aaqtanit,Aaqtanit,Aaqtanit,,,,,TRUE,
sidon,abou-el-assouad,Abou El Assouad,Abou El Assouad,,,,,TRUE,
sidon,ain-ed-delb,Ain Ed Delb,Ain Ed Delb,,,,,TRUE,
sidon,ain-el-hiloue,Ain El Hiloue,Ain El Hiloue,,,,,TRUE,
sidon,ain-es-sihha,Ain Es Sihha,Ain Es Sihha,,,,,TRUE,
sidon,ansariyeh,Ansariyeh,Ansariyeh,,,,,TRUE,
sidon,arkey,Arkey,Arkey,,,,,TRUE,
sidon,arzay,Arzay,Arzay,,,,,TRUE,
sidon,babliye,Babliye,Babliye,,,,,TRUE,
sidon,barti,Barti,Barti,,,,,TRUE,
sidon,bnaafoul,Bnaafoul,Bnaafoul,,,,,TRUE,
sidon,bqosta,Bqosta,Bqosta,,,,,TRUE,
sidon,bramiye,Bramiye,Bramiye,,,,,TRUE,
sidon,charqiye,Charqiye,Charqiye,,,,,TRUE,
sidon,daoudiye,Daoudiye,Daoudiye,,,,,TRUE,
sidon,darb-es-sim,Darb Es Sim,Darb Es Sim,,,,,TRUE,
sidon,deir-taqla,Deir Taqla,Deir Taqla,,,,,TRUE,
sidon,dhour-darb-es-sim,Dhour Darb Es Sim,Dhour Darb Es Sim,,,,,TRUE,
sidon,el-achrafiye,El Achrafiye,El Achrafiye,,,,,TRUE,
sidon,el-biyada,El Biyada,El Biyada,,,,,TRUE,
sidon,el-ghawaya,El Ghawaya,El Ghawaya,,,,,TRUE,
sidon,er-ransiye,Er Ransiye,Er Ransiye,,,,,TRUE,
sidon,fard,Fard,Fard,,,,,TRUE,
sidon,ghassaniye,Ghassaniye,Ghassaniye,,,,,TRUE,
sidon,ghaziye,Ghaziye,Ghaziye,,,,,TRUE,
sidon,hababiye,Hababiye,Hababiye,,,,,TRUE,
sidon,hara,Hara,Hara,,,,,TRUE,
sidon,hartai,Hartai,Hartai,,,,,TRUE,
sidon,hlaliye-saida,Hlaliye Saida,Hlaliye Saida,,,,,TRUE,
sidon,insariye,Insariye,Insariye,,,,,TRUE,
sidon,jazire,Jazire,Jazire,,,,,TRUE,
sidon,jdaide-arzai,Jdaide Arzai,Jdaide Arzai,,,,,TRUE,
sidon,jensnaya,Jensnaya,Jensnaya,,,,,TRUE,
sidon,kaoutariyet-es-siyad,Kaoutariyet Es Siyad,Kaoutariyet Es Siyad,,,,,TRUE,
sidon,kfar-beit,Kfar Beit,Kfar Beit,,,,,TRUE,
sidon,kfar-chellal,Kfar Chellal,Kfar Chellal,,,,,TRUE,
sidon,kfar-hatta,Kfar Hatta,Kfar Hatta,,,,,TRUE,
sidon,kfar-melki,Kfar Melki,Kfar Melki,,,,,TRUE,
sidon,kfar-melki-saida,Kfar Melki Saida,Kfar Melki Saida,,,,,TRUE,
sidon,khannoussiye,Khannoussiye,Khannoussiye,,,,,TRUE,
sidon,kharayeb,Kharayeb,Kharayeb,,,,,TRUE,
sidon,kharayeb-saida,Kharayeb Saida,Kharayeb Saida,,,,,TRUE,
sidon,khartoum,Khartoum,Khartoum,,,,,TRUE,
sidon,khaziz,Khaziz,Khaziz,,,,,TRUE,
sidon,khirbet-bassal,Khirbet Bassal,Khirbet Bassal,,,,,TRUE,
sidon,khirbet-ed-daoueir,Khirbet Ed Daoueir,Khirbet Ed Daoueir,,,,,TRUE,
sidon,loubiye,Loubiye,Loubiye,,,,,TRUE,
sidon,maamriye,Maamriye,Maamriye,,,,,TRUE,
sidon,maamriyet-el-kharab,Maamriyet El Kharab,Maamriyet El Kharab,,,,,TRUE,
sidon,maghdouche,Maghdouche,Maghdouche,,,,,TRUE,
sidon,mahmoudiye,Mahmoudiye,Mahmoudiye,,,,,TRUE,
sidon,majdelyoun,Majdelyoun,Majdelyoun,,,,,TRUE,
sidon,matariyet-ech-choumar,Matariyet Ech Choumar,Matariyet Ech Choumar,,,,,TRUE,
sidon,mazraat-arab-soukkar,Mazraat Arab Soukkar,Mazraat Arab Soukkar,,,,,TRUE,
sidon,mazraat-arab-tobbaya,Mazraat Arab Tobbaya,Mazraat Arab Tobbaya,,,,,TRUE,
sidon,mazraat-bsafour,Mazraat Bsafour,Mazraat Bsafour,,,,,TRUE,
sidon,mazraat-iskandarouna,Mazraat Iskandarouna,Mazraat Iskandarouna,,,,,TRUE,
sidon,mazraat-jemjim,Mazraat Jemjim,Mazraat Jemjim,,,,,TRUE,
sidon,mazraat-khoutaryet-er-rezz,Mazraat Khoutaryet Er Rezz,Mazraat Khoutaryet Er Rezz,,,,,TRUE,
sidon,mazraat-matariyet-jbaa,Mazraat Matariyet Jbaa,Mazraat Matariyet Jbaa,,,,,TRUE,
sidon,mazraat-zaita,Mazraat Zaita,Mazraat Zaita,,,,,TRUE,
sidon,mazraat-el-daoudiye,Mazraat El Daoudiye,Mazraat El Daoudiye,,,,,TRUE,
sidon,mazraat-el-hsainiye,Mazraat El Hsainiye,Mazraat El Hsainiye,,,,,TRUE,
sidon,mazraat-el-ouasta,Mazraat El Ouasta,Mazraat El Ouasta,,,,,TRUE,
sidon,mazraat-el-yahoudiye,Mazraat El Yahoudiye,Mazraat El Yahoudiye,,,,,TRUE,
sidon,merouaniye,Merouaniye,Merouaniye,,,,,TRUE,
sidon,mhaidle,Mhaidle,Mhaidle,,,,,TRUE,
sidon,miye-ou-miye,Miye Ou Miye,Miye Ou Miye,,,,,TRUE,
sidon,mrah-kiouane,Mrah Kiouane,Mrah Kiouane,,,,,TRUE,
sidon,msaileh,Msaileh,Msaileh,,,,,TRUE,
sidon,najjaryie,Najjaryie,Najjaryie,,,,,TRUE,
sidon,oussamiyat,Oussamiyat,Oussamiyat,,,,,TRUE,
sidon,qennarit,Qennarit,Qennarit,,,,,TRUE,
sidon,qiyaa,Qiyaa,Qiyaa,,,,,TRUE,
sidon,qnaitra,Qnaitra,Qnaitra,,,,,TRUE,
sidon,saida,Saida,Saida,,,,,TRUE,
sidon,saksakiye,Saksakiye,Saksakiye,,,,,TRUE,
sidon,salhiye,Salhiye,Salhiye,,,,,TRUE,
sidon,sarafand,Sarafand,Sarafand,,,,,TRUE,
sidon,sari,Sari,Sari,,,,,TRUE,
sidon,sfenti,Sfenti,Sfenti,,,,,TRUE,
sidon,sidoun,Sidoun,Sidoun,,,,,TRUE,
sidon,snaiber,Snaiber,Snaiber,,,,,TRUE,
sidon,tanbourit,Tanbourit,Tanbourit,,,,,TRUE,
sidon,tebna,Tebna,Tebna,,,,,TRUE,
sidon,toufahta,Toufahta,Toufahta,,,,,TRUE,
sidon,zaghdraiya,Zaghdraiya,Zaghdraiya,,,,,TRUE,
sidon,zaita,Zaita,Zaita,,,,,TRUE,
sidon,zrariye,Zrariye,Zrariye,,,,,TRUE,
tripoli,abou-samra,Abou Samra,Abou Samra,,,,,TRUE,
tripoli,ain-faouar,Ain Faouar,Ain Faouar,,,,,TRUE,
tripoli,azmi,Azmi,Azmi,,,,,TRUE,
tripoli,bahsas,Bahsas,Bahsas,,,,,TRUE,
tripoli,dahr-alain,Dahr Alain,Dahr Alain,,,,,TRUE,
tripoli,dam-wal-farz,Dam Wal Farz,Dam Wal Farz,,,,,TRUE,
tripoli,el-mina,El Mina,El Mina,,,,,TRUE,
tripoli,maarad,Maarad,Maarad,,,,,TRUE,
tripoli,malaab,Malaab,Malaab,,,,,TRUE,
tripoli,mhatreh,Mhatreh,Mhatreh,,,,,TRUE,
tripoli,qalamoun,Qalamoun,Qalamoun,,,,,TRUE,
tripoli,qoubbe,Qoubbe,Qoubbe,,,,,TRUE,
tripoli,ras-maska,Ras Maska,Ras Maska,,,,,TRUE,
tripoli,tal,Tal,Tal,,,,,TRUE,
tripoli,zahrieh,Zahrieh,Zahrieh,,,,,TRUE,
tyr,aabbassiye,Aabbassiye,Aabbassiye,,,,,TRUE,
tyr,aaitit,Aaitit,Aaitit,,,,,TRUE,
tyr,aalma-ech-chaab,Aalma Ech Chaab,Aalma Ech Chaab,,,,,TRUE,
tyr,aazziye,Aazziye,Aazziye,,,,,TRUE,
tyr,abou-chach,Abou Chach,Abou Chach,,,,,TRUE,
tyr,ain-abu-aabdalla,Ain Abu Aabdalla,Ain Abu Aabdalla,,,,,TRUE,
tyr,ain-baal,Ain Baal,Ain Baal,,,,,TRUE,
tyr,arzoun,Arzoun,Arzoun,,,,,TRUE,
tyr,bafliye,Bafliye,Bafliye,,,,,TRUE,
tyr,baissariye,Baissariye,Baissariye,,,,,TRUE,
tyr,barich,Barich,Barich,,,,,TRUE,
tyr,batouliye,Batouliye,Batouliye,,,,,TRUE,
tyr,bazouriye,Bazouriye,Bazouriye,,,,,TRUE,
tyr,bedias,Bedias,Bedias,,,,,TRUE,
tyr,bestiyat,Bestiyat,Bestiyat,,,,,TRUE,
tyr,biyad,Biyad,Biyad,,,,,TRUE,
tyr,biyad-sour,Biyad Sour,Biyad Sour,,,,,TRUE,
tyr,borj-rahhal,Borj Rahhal,Borj Rahhal,,,,,TRUE,
tyr,borj-ech-chmali,Borj Ech Chmali,Borj Ech Chmali,,,,,TRUE,
tyr,boustane,Boustane,Boustane,,,,,TRUE,
tyr,boustane-sour,Boustane Sour,Boustane Sour,,,,,TRUE,
tyr,btaichiye,Btaichiye,Btaichiye,,,,,TRUE,
tyr,chaaitiyeh,Chaaitiyeh,Chaaitiyeh,,,,,TRUE,
tyr,chabriha,Chabriha,Chabriha,,,,,TRUE,
tyr,chahour,Chahour,Chahour,,,,,TRUE,
tyr,chehabiye,Chehabiye,Chehabiye,,,,,TRUE,
tyr,chihine,Chihine,Chihine,,,,,TRUE,
tyr,deir-aamess,Deir Aamess,Deir Aamess,,,,,TRUE,
tyr,deir-kifa,Deir Kifa,Deir Kifa,,,,,TRUE,
tyr,deir-qanoun,Deir Qanoun,Deir Qanoun,,,,,TRUE,
tyr,deir-qanoun-en-nahr,Deir Qanoun En Nahr,Deir Qanoun En Nahr,,,,,TRUE,
tyr,derdghaiya,Derdghaiya,Derdghaiya,,,,,TRUE,
tyr,ech-choumara,Ech Choumara,Ech Choumara,,,,,TRUE,
tyr,ed-debbagha,Ed Debbagha,Ed Debbagha,,,,,TRUE,
tyr,ed-dikiye,Ed Dikiye,Ed Dikiye,,,,,TRUE,
tyr,el-bass,El Bass,El Bass,,,,,TRUE,
tyr,el-kleile,El Kleile,El Kleile,,,,,TRUE,
tyr,hallousiyet-el-faouqa,Hallousiyet El Faouqa,Hallousiyet El Faouqa,,,,,TRUE,
tyr,halloussiye,Halloussiye,Halloussiye,,,,,TRUE,
tyr,hammadiye,Hammadiye,Hammadiye,,,,,TRUE,
tyr,hamoul,Hamoul,Hamoul,,,,,TRUE,
tyr,hannaouiye,Hannaouiye,Hannaouiye,,,,,TRUE,
tyr,hanniye,Hanniye,Hanniye,,,,,TRUE,
tyr,haumeiri,Haumeiri,Haumeiri,,,,,TRUE,
tyr,iskandarouna-sour,Iskandarouna Sour,Iskandarouna Sour,,,,,TRUE,
tyr,jannata,Jannata,Jannata,,,,,TRUE,
tyr,jbal-el-botm,Jbal El Botm,Jbal El Botm,,,,,TRUE,
tyr,jebbain,Jebbain,Jebbain,,,,,TRUE,
tyr,jijim,Jijim,Jijim,,,,,TRUE,
tyr,jouaiya,Jouaiya,Jouaiya,,,,,TRUE,
tyr,jour-en-nakhl,Jour En Nakhl,Jour En Nakhl,,,,,TRUE,
tyr,kfarnay,Kfarnay,Kfarnay,,,,,TRUE,
tyr,knisse-sour,Knisse Sour,Knisse Sour,,,,,TRUE,
tyr,labboune,Labboune,Labboune,,,,,TRUE,
tyr,maachouq,Maachouq,Maachouq,,,,,TRUE,
tyr,maarake,Maarake,Maarake,,,,,TRUE,
tyr,maaroub,Maaroub,Maaroub,,,,,TRUE,
tyr,machta-el-aaziye,Machta El Aaziye,Machta El Aaziye,,,,,TRUE,
tyr,mahrouneh,Mahrouneh,Mahrouneh,,,,,TRUE,
tyr,majdel-zoun,Majdel Zoun,Majdel Zoun,,,,,TRUE,
tyr,mansouri,Mansouri,Mansouri,,,,,TRUE,
tyr,marnaba,Marnaba,Marnaba,,,,,TRUE,
tyr,marouahine,Marouahine,Marouahine,,,,,TRUE,
tyr,matmoura,Matmoura,Matmoura,,,,,TRUE,
tyr,mazraat-biout-es-siyad,Mazraat Biout Es Siyad,Mazraat Biout Es Siyad,,,,,TRUE,
tyr,mazraat-mechref,Mazraat Mechref,Mazraat Mechref,,,,,TRUE,
tyr,mheilib,Mheilib,Mheilib,,,,,TRUE,
tyr,mjadel,Mjadel,Mjadel,,,,,TRUE,
tyr,naffakhiye,Naffakhiye,Naffakhiye,,,,,TRUE,
tyr,naqoura,Naqoura,Naqoura,,,,,TRUE,
tyr,niha-sour,Niha Sour,Niha Sour,,,,,TRUE,
tyr,ouadi-jilou,Ouadi Jilou,Ouadi Jilou,,,,,TRUE,
tyr,qalaouiye,Qalaouiye,Qalaouiye,,,,,TRUE,
tyr,qana,Qana,Qana,,,,,TRUE,
tyr,qasmiye,Qasmiye,Qasmiye,,,,,TRUE,
tyr,qlaileh,Qlaileh,Qlaileh,,,,,TRUE,
tyr,ras-el-ain,Ras El Ain,Ras El Ain,,,,,TRUE,
tyr,rechkananey,Rechkananey,Rechkananey,,,,,TRUE,
tyr,rmadiyeh,Rmadiyeh,Rmadiyeh,,,,,TRUE,
tyr,salaa,Salaa,Salaa,,,,,TRUE,
tyr,sejoud,Sejoud,Sejoud,,,,,TRUE,
tyr,siddiqine,Siddiqine,Siddiqine,,,,,TRUE,
tyr,sour,Sour,Sour,,,,,TRUE,
tyr,srifa,Srifa,Srifa,,,,,TRUE,
tyr,tair-debba,Tair Debba,Tair Debba,,,,,TRUE,
tyr,tair-filsay,Tair Filsay,Tair Filsay,,,,,TRUE,
tyr,tair-harfa,Tair Harfa,Tair Harfa,,,,,TRUE,
tyr,tair-semhat,Tair Semhat,Tair Semhat,,,,,TRUE,
tyr,touairi,Touairi,Touairi,,,,,TRUE,
tyr,toura,Toura,Toura,,,,,TRUE,
tyr,yarine,Yarine,Yarine,,,,,TRUE,
tyr,ynouh,Ynouh,Ynouh,,,,,TRUE,
tyr,zabqine,Zabqine,Zabqine,,,,,TRUE,
tyr,zalloutiye,Zalloutiye,Zalloutiye,,,,,TRUE,
western-beqaa,aammiq,Aammiq,Aammiq,,,,,TRUE,
western-beqaa,aana,Aana,Aana,,,,,TRUE,
western-beqaa,ain-zebde,Ain Zebde,Ain Zebde,,,,,TRUE,
western-beqaa,ain-et-tine-west-bekaa,Ain Et Tine West Bekaa,Ain Et Tine West Bekaa,,,,,TRUE,
western-beqaa,aitanit,Aitanit,Aitanit,,,,,TRUE,
western-beqaa,baaloul,Baaloul,Baaloul,,,,,TRUE,
western-beqaa,bab-maraa,Bab Maraa,Bab Maraa,,,,,TRUE,
western-beqaa,beb-mrah,Beb Mrah,Beb Mrah,,,,,TRUE,
western-beqaa,chebreqiyet-aammiq,Chebreqiyet Aammiq,Chebreqiyet Aammiq,,,,,TRUE,
western-beqaa,deir-ain-ej-jaouze,Deir Ain Ej Jaouze,Deir Ain Ej Jaouze,,,,,TRUE,
western-beqaa,deir-tahnich,Deir Tahnich,Deir Tahnich,,,,,TRUE,
western-beqaa,ej-jouaniye,Ej Jouaniye,Ej Jouaniye,,,,,TRUE,
western-beqaa,el-marj,El Marj,El Marj,,,,,TRUE,
western-beqaa,es-slayekh,Es Slayekh,Es Slayekh,,,,,TRUE,
western-beqaa,ghazze,Ghazze,Ghazze,,,,,TRUE,
western-beqaa,hammara,Hammara,Hammara,,,,,TRUE,
western-beqaa,houch-aammiq,Houch Aammiq,Houch Aammiq,,,,,TRUE,
western-beqaa,istabl,Istabl,Istabl,,,,,TRUE,
western-beqaa,joub-jannine,Joub Jannine,Joub Jannine,,,,,TRUE,
western-beqaa,kafraiya-west-bekaa,Kafraiya West Bekaa,Kafraiya West Bekaa,,,,,TRUE,
western-beqaa,kamed-el-laouz,Kamed El Laouz,Kamed El Laouz,,,,,TRUE,
western-beqaa,khiara,Khiara,Khiara,,,,,TRUE,
western-beqaa,khirbet-qanafar,Khirbet Qanafar,Khirbet Qanafar,,,,,TRUE,
western-beqaa,lala,Lala,Lala,,,,,TRUE,
western-beqaa,libbaya,Libbaya,Libbaya,,,,,TRUE,
western-beqaa,loussia,Loussia,Loussia,,,,,TRUE,
western-beqaa,machgara,Machgara,Machgara,,,,,TRUE,
western-beqaa,mansoura,Mansoura,Mansoura,,,,,TRUE,
western-beqaa,meidoun,Meidoun,Meidoun,,,,,TRUE,
western-beqaa,nabaa-el-khraizat,Nabaa El Khraizat,Nabaa El Khraizat,,,,,TRUE,
western-beqaa,qaraoun,Qaraoun,Qaraoun,,,,,TRUE,
western-beqaa,qillaya,Qillaya,Qillaya,,,,,TRUE,
western-beqaa,rafid,Rafid,Rafid,,,,,TRUE,
western-beqaa,saghbine,Saghbine,Saghbine,,,,,TRUE,
western-beqaa,sohmor,Sohmor,Sohmor,,,,,TRUE,
western-beqaa,soultane-yaaqoub-el-faouqa,Soultane Yaaqoub El Faouqa,Soultane Yaaqoub El Faouqa,,,,,TRUE,
western-beqaa,soultane-yaaqoub-el-tahta,Soultane Yaaqoub El Tahta,Soultane Yaaqoub El Tahta,,,,,TRUE,
western-beqaa,tall-znoub,Tall Znoub,Tall Znoub,,,,,TRUE,
western-beqaa,tall-ez-zaazeaa,Tall Ez Zaazeaa,Tall Ez Zaazeaa,,,,,TRUE,
western-beqaa,yohmor,Yohmor,Yohmor,,,,,TRUE,
western-beqaa,yohmor-west-bekaa,Yohmor West Bekaa,Yohmor West Bekaa,,,,,TRUE,
western-beqaa,zellaya,Zellaya,Zellaya,,,,,TRUE,
zahle,aali-en-nahri,Aali En Nahri,Aali En Nahri,,,,,TRUE,
zahle,ablah,Ablah,Ablah,,,,,TRUE,
zahle,ain-kfar-zabad,Ain Kfar Zabad,Ain Kfar Zabad,,,,,TRUE,
zahle,ain-ed-deir,Ain Ed Deir,Ain Ed Deir,,,,,TRUE,
zahle,anjar,Anjar,Anjar,,,,,TRUE,
zahle,bar-elias,Bar Elias,Bar Elias,,,,,TRUE,
zahle,bayyadat,Bayyadat,Bayyadat,,,,,TRUE,
zahle,berbara-zahle,Berbara Zahle,Berbara Zahle,,,,,TRUE,
zahle,bouarej,Bouarej,Bouarej,,,,,TRUE,
zahle,bourghliye,Bourghliye,Bourghliye,,,,,TRUE,
zahle,chamssine,Chamssine,Chamssine,,,,,TRUE,
zahle,chebrqiyet-tabet,Chebrqiyet Tabet,Chebrqiyet Tabet,,,,,TRUE,
zahle,chtoura,Chtoura,Chtoura,,,,,TRUE,
zahle,dahr-blait,Dahr Blait,Dahr Blait,,,,,TRUE,
zahle,dahr-al-harf,Dahr Al Harf,Dahr Al Harf,,,,,TRUE,
zahle,dakoue,Dakoue,Dakoue,,,,,TRUE,
zahle,dalhamiye,Dalhamiye,Dalhamiye,,,,,TRUE,
zahle,deir-zenoun,Deir Zenoun,Deir Zenoun,,,,,TRUE,
zahle,deir-el-ghazal,Deir El Ghazal,Deir El Ghazal,,,,,TRUE,
zahle,er-ramtaniye,Er Ramtaniye,Er Ramtaniye,,,,,TRUE,
zahle,fourzol,Fourzol,Fourzol,,,,,TRUE,
zahle,hakl-hammana,Hakl Hammana,Hakl Hammana,,,,,TRUE,
zahle,haouch-moussa-anjar,Haouch Moussa Anjar,Haouch Moussa Anjar,,,,,TRUE,
zahle,haouch-ed-dibs,Haouch Ed Dibs,Haouch Ed Dibs,,,,,TRUE,
zahle,haouch-el-mendara,Haouch El Mendara,Haouch El Mendara,,,,,TRUE,
zahle,haouch-el-oumara-aradi,Haouch El Oumara Aradi,Haouch El Oumara Aradi,,,,,TRUE,
zahle,haret-el-fikani,Haret El Fikani,Haret El Fikani,,,,,TRUE,
zahle,harime-es-soughra,Harime Es Soughra,Harime Es Soughra,,,,,TRUE,
zahle,hazerta,Hazerta,Hazerta,,,,,TRUE,
zahle,hechmech,Hechmech,Hechmech,,,,,TRUE,
zahle,houch-el-ghanam,Houch El Ghanam,Houch El Ghanam,,,,,TRUE,
zahle,houch-hala,Houch Hala,Houch Hala,,,,,TRUE,
zahle,houch-el-harime,Houch El Harime,Houch El Harime,,,,,TRUE,
zahle,houch-ez-zaraane,Houch Ez Zaraane,Houch Ez Zaraane,,,,,TRUE,
zahle,jdita,Jdita,Jdita,,,,,TRUE,
zahle,jlala,Jlala,Jlala,,,,,TRUE,
zahle,karak-nouh,Karak Nouh,Karak Nouh,,,,,TRUE,
zahle,kfar-zabad,Kfar Zabad,Kfar Zabad,,,,,TRUE,
zahle,koussaya,Koussaya,Koussaya,,,,,TRUE,
zahle,ksara,Ksara,Ksara,,,,,TRUE,
zahle,madinat-al-sinaiyat,Madinat Al Sina'iyat,Madinat Al Sina'iyat,,,,,TRUE,
zahle,maalaqah,Maalaqah,Maalaqah,,,,,TRUE,
zahle,majdel-anjar,Majdel Anjar,Majdel Anjar,,,,,TRUE,
zahle,mar-elias-zahle,Mar Elias Zahle,Mar Elias Zahle,,,,,TRUE,
zahle,masnaa,Masnaa,Masnaa,,,,,TRUE,
zahle,masnaa-zahle,Masnaa Zahle,Masnaa Zahle,,,,,TRUE,
zahle,massa,Massa,Massa,,,,,TRUE,
zahle,mazraat-zahle,Mazraat Zahle,Mazraat Zahle,,,,,TRUE,
zahle,meksi,Meksi,Meksi,,,,,TRUE,
zahle,mreijat,Mreijat,Mreijat,,,,,TRUE,
zahle,naassate,Naassate,Naassate,,,,,TRUE,
zahle,nabi-aila,Nabi Aila,Nabi Aila,,,,,TRUE,
zahle,nasriyet-rizq,Nasriyet Rizq,Nasriyet Rizq,,,,,TRUE,
zahle,nassriye,Nassriye,Nassriye,,,,,TRUE,
zahle,niha-zahle,Niha Zahle,Niha Zahle,,,,,TRUE,
zahle,ouadi-ed-deloum,Ouadi Ed Deloum,Ouadi Ed Deloum,,,,,TRUE,
zahle,ouadi-el-aarayech,Ouadi El Aarayech,Ouadi El Aarayech,,,,,TRUE,
zahle,qaa-er-rim,Qaa Er Rim,Qaa Er Rim,,,,,TRUE,
zahle,qabb-elias,Qabb Elias,Qabb Elias,,,,,TRUE,
zahle,qarqoud,Qarqoud,Qarqoud,,,,,TRUE,
zahle,qeisser,Qeisser,Qeisser,,,,,TRUE,
zahle,qommol,Qommol,Qommol,,,,,TRUE,
zahle,raite,Raite,Raite,,,,,TRUE,
zahle,rassiyeh,Rassiyeh,Rassiyeh,,,,,TRUE,
zahle,rayak,Rayak,Rayak,,,,,TRUE,
zahle,saadnayel,Saadnayel,Saadnayel,,,,,TRUE,
zahle,souairi,Souairi,Souairi,,,,,TRUE,
zahle,taalabaya,Taalabaya,Taalabaya,,,,,TRUE,
zahle,taanayel,Taanayel,Taanayel,,,,,TRUE,
zahle,tall-el-akhdar,Tall El Akhdar,Tall El Akhdar,,,,,TRUE,
zahle,tell-chiha,Tell Chiha,Tell Chiha,,,,,TRUE,
zahle,tell-el-aamara,Tell El Aamara,Tell El Aamara,,,,,TRUE,
zahle,terbol,Terbol,Terbol,,,,,TRUE,
zahle,touaite,Touaite,Touaite,,,,,TRUE,
zahle,zahle,Zahle,Zahle,,,,,TRUE,
zahle,zahle-mar-antonios,Zahle Mar Antonios,Zahle Mar Antonios,,,,,TRUE,
zahle,zahle-mar-gerges,Zahle Mar Gerges,Zahle Mar Gerges,,,,,TRUE,
zahle,zahle-saydet-en-najat,Zahle Saydet En Najat,Zahle Saydet En Najat,,,,,TRUE,
zahle,zahle-maalaqa-aradi,Zahle Maalaqa Aradi,Zahle Maalaqa Aradi,,,,,TRUE,
zahle,zebdol,Zebdol,Zebdol,,,,,TRUE,
zgharta,
zgharta,aachach,Aachach,Aachach,,,,,TRUE,
zgharta,bchannine,Bchannine,Bchannine,,,,,TRUE,
zgharta,bnechaai,Bnechaai,Bnechaai,,,,,TRUE,
zgharta,bsibaal,Bsibaal,Bsibaal,,,,,TRUE,
zgharta,darayia,Darayia,Darayia,,,,,TRUE,
zgharta,ejbeaa,Ejbeaa,Ejbeaa,,,,,TRUE,
zgharta,el-houakir,El Houakir,El Houakir,,,,,TRUE,
zgharta,er-rmaile,Er Rmaile,Er Rmaile,,,,,TRUE,
zgharta,fouwar-zgharta,Fouwar Zgharta,Fouwar Zgharta,,,,,TRUE,
zgharta,haret-al-fouwar,Haret Al Fouwar,Haret Al Fouwar,,,,,TRUE,
zgharta,harfe-arde,Harfe Arde,Harfe Arde,,,,,TRUE,
zgharta,hariq-zgharta,Hariq Zgharta,Hariq Zgharta,,,,,TRUE,
zgharta,hilane,Hilane,Hilane,,,,,TRUE,
zgharta,hraykess,Hraykess,Hraykess,,,,,TRUE,
zgharta,jdaideh,Jdaideh,Jdaideh,,,,,TRUE,
zgharta,kafar-zeina,Kafar Zeina,Kafar Zeina,,,,,TRUE,
zgharta,kafraiya-zgharta,Kafraiya Zgharta,Kafraiya Zgharta,,,,,TRUE,
zgharta,kfar-hatta-zgharta,Kfar Hatta (zgharta),Kfar Hatta (zgharta),,,,,TRUE,
zgharta,majdalaya-zgharta,Majdalaya Zgharta,Majdalaya Zgharta,,,,,TRUE,
zgharta,majdel-el-koura,Majdel El Koura,Majdel El Koura,,,,,TRUE,
zgharta,martmoura,Martmoura,Martmoura,,,,,TRUE,
zgharta,miryata,Miryata,Miryata,,,,,TRUE,
zgharta,miziara,Miziara,Miziara,,,,,TRUE,
